DISPLAY_NAME,TYPE,work_count
Max Planck Society,nonprofit,169201
Heidelberg University,funder,157820
Ludwig-Maximilians-Universität München,funder,124978
Technical University of Munich,funder,114768
Universität Hamburg,funder,105689
Charité - Universitätsmedizin Berlin,healthcare,91165
RWTH Aachen University,funder,88086
Goethe University Frankfurt,funder,83172
Friedrich-Alexander-Universität Erlangen-Nürnberg,funder,79256
Karlsruhe Institute of Technology,funder,74092
University of Tübingen,funder,73567
Technische Universität Dresden,funder,72507
University of Bonn,funder,72386
Johannes Gutenberg University Mainz,funder,68038
University of Göttingen,funder,66051
University of Freiburg,funder,65580
University of Cologne,funder,63017
Heinrich Heine University Düsseldorf,funder,62667
Freie Universität Berlin,funder,61115
Ruhr University Bochum,funder,61008
University of Münster,funder,58140
Humboldt-Universität zu Berlin,funder,57170
Technische Universität Berlin,funder,54445
University of Würzburg,funder,53244
University Hospital Heidelberg,healthcare,51659
Leipzig University,funder,50825
University of Stuttgart,funder,50716
Technical University of Darmstadt,funder,50129
Martin Luther University Halle-Wittenberg,education,48467
Medizinische Hochschule Hannover,funder,48357
University of Duisburg-Essen,funder,48184
Universität Ulm,funder,44292
Philipps University of Marburg,funder,43519
Kiel University,funder,42992
Friedrich Schiller University Jena,funder,42501
Justus-Liebig-Universität Gießen,funder,41061
University of Bremen,funder,39983
University Medical Center Hamburg-Eppendorf,healthcare,39930
Saarland University,funder,39425
Leibniz University Hannover,funder,37592
University of Regensburg,funder,37443
Forschungszentrum Jülich,funder,37423
University of Lübeck,funder,36354
German Cancer Research Center,funder,35614
TU Dortmund University,funder,35017
University of Rostock,funder,32467
Deutsches Zentrum für Luft- und Raumfahrt e. V. (DLR),funder,31583
Bielefeld University,funder,31333
Otto-von-Guericke University Magdeburg,funder,31035
Technische Universität Braunschweig,funder,30874
University of Potsdam,funder,29587
IZA - Institute of Labor Economics,nonprofit,25098
University Medical Center Freiburg,healthcare,24565
University of Bayreuth,education,23948
University of Konstanz,funder,23927
University of Kaiserslautern,funder,22661
Chemnitz University of Technology,funder,20283
Siemens (Germany),funder,19575
University of Mannheim,funder,19463
Paderborn University,funder,19345
Carl von Ossietzky Universität Oldenburg,funder,19169
Klinikum rechts der Isar,healthcare,18905
Helmholtz Zentrum München,funder,17692
University of Kassel,funder,17689
University Hospital Schleswig-Holstein,healthcare,17644
LMU Klinikum,healthcare,17539
University Hospital Münster,healthcare,16957
Universität Greifswald,funder,16732
University of Wuppertal,funder,16600
University of Hohenheim,funder,16523
Essen University Hospital,healthcare,16450
University of Siegen,funder,15836
München Klinik,healthcare,15279
Ifo Institute for Economic Research,facility,15248
Bayer (Germany),funder,15065
Universitätsklinikum Erlangen,healthcare,14489
Max Planck Institute for Plasma Physics,facility,13720
University of Augsburg,education,13697
University Hospital Cologne,healthcare,13595
Osnabrück University,funder,13561
Jena University Hospital,healthcare,13122
Alfred-Wegener-Institut Helmholtz-Zentrum für Polar- und Meeresforschung,funder,12954
Max Planck Institute for Extraterrestrial Physics,facility,12936
Technische Universität Ilmenau,funder,12723
Helmholtz Centre for Environmental Research,funder,12282
University Hospital Bonn,healthcare,12210
Berlin Heart (Germany),company,12169
University Medical Center of the Johannes Gutenberg University Mainz,healthcare,12153
GFZ Helmholtz Centre for Geosciences,funder,12097
University Hospital Carl Gustav Carus,healthcare,11959
Universitätsmedizin Göttingen,healthcare,11829
Universitätsklinikum Aachen,healthcare,11732
Hamburg University of Technology,education,11663
TU Bergakademie Freiberg,funder,11403
Helmholtz-Zentrum Dresden-Rossendorf,funder,11116
University Hospital Regensburg,healthcare,11075
Witten/Herdecke University,education,11036
Düsseldorf University Hospital,healthcare,10790
Deutsches Elektronen-Synchrotron DESY,funder,10761
University Medical Centre Mannheim,healthcare,10709
University Hospital Ulm,healthcare,10293
University Hospital Frankfurt,healthcare,10269
Max Planck Institute for Human Cognitive and Brain Sciences,funder,10040
Max Planck Institute for Astronomy,facility,10013
Physikalisch-Technische Bundesanstalt,government,9907
University Hospital Leipzig,healthcare,9611
Universitätsklinikum Würzburg,healthcare,9431
Max Delbrück Center,facility,9270
Universität der Bundeswehr München,education,9232
Max Planck Institute for Polymer Research,funder,9218
European Southern Observatory,funder,9168
Max Planck Institute for Nuclear Physics,nonprofit,9165
Universität Trier,funder,8955
Universitätsmedizin Greifswald,healthcare,8816
Leibniz Institute for Solid State and Materials Research,facility,8719
Max Planck Institute for Solid State Research,facility,8693
Robert Koch Institute,government,8659
GSI Helmholtz Centre for Heavy Ion Research,funder,8595
Helmholtz-Zentrum Berlin für Materialien und Energie,funder,8578
Clausthal University of Technology,funder,8560
Max Planck Institute for Biological Cybernetics,facility,8481
Federal Institute For Materials Research and Testing,funder,8337
Constructor University,funder,8165
Fraunhofer Society,government,8134
"University of Veterinary Medicine Hannover, Foundation",funder,8128
GEOMAR Helmholtz Centre for Ocean Research Kiel,funder,7938
Brandenburg University of Technology Cottbus-Senftenberg,funder,7834
Max Planck Institute for Astrophysics,facility,7815
Max Planck Institute for Evolutionary Anthropology,funder,7682
FZI Research Center for Information Technology,nonprofit,7566
Max Planck Institute of Colloids and Interfaces,facility,7529
Max Planck Institute for Solar System Research,facility,7507
Robert Bosch (Germany),funder,7484
German Center for Neurodegenerative Diseases,funder,7446
Max Planck Institute for Gravitational Physics,facility,7428
University of Hagen,education,7371
European Molecular Biology Laboratory,government,7363
Max-Planck-Institut für Nachhaltige Materialien,funder,7351
Universitätsklinikum Gießen und Marburg,healthcare,7334
University of Bamberg,education,7287
University Hospital Magdeburg,healthcare,7282
European Central Bank,government,7233
Max Planck Institute for the History of Science,facility,7202
Deutsche Nationalbibliothek,archive,7140
Max Planck Institute for Biophysical Chemistry,facility,7108
Max Planck Institute for Intelligent Systems,facility,7105
Dietrich Bonhoeffer Klinikum,healthcare,7067
Central Institute of Mental Health,healthcare,6956
DKFZ-ZMBH Alliance,facility,6953
FH Aachen,education,6890
Banss (Germany),company,6810
Max Planck Institute for Radio Astronomy,facility,6809
University of Koblenz and Landau,education,6779
Helmholtz Centre for Infection Research,facility,6775
Fritz Haber Institute of the Max Planck Society,facility,6772
Max Planck Institute for Human Development,funder,6729
Daimler (Germany),company,6720
Alcatel Lucent (Germany),company,6700
Folkwang University of the Arts,education,6699
Potsdam Institute for Climate Impact Research,facility,6671
Leuphana University of Lüneburg,funder,6664
Leibniz Association,government,6652
Max Planck Institute of Biochemistry,facility,6631
Deutsches Herzzentrum der Charité,healthcare,6542
Max Planck Institute for Informatics,facility,6477
Karlsruhe University of Education,education,6466
German Institute for Economic Research,nonprofit,6384
German Centre for Cardiovascular Research,funder,6382
Infineon Technologies (Germany),funder,6375
Zimmer Biomet (Germany),funder,6274
Boehringer Ingelheim (Germany),funder,6212
Max Planck Institute for Chemistry,funder,6135
"Fraunhofer Institute for Telecommunications, Heinrich Hertz Institute",facility,6091
Max Planck Institute for the Physics of Complex Systems,funder,6044
Max Planck Institute for Physics,facility,6012
University of Passau,funder,5993
Klinik für Frauenheilkunde,healthcare,5916
Max Planck Institute of Psychiatry,facility,5765
German Research Centre for Artificial Intelligence,nonprofit,5737
Universitätsklinikum des Saarlandes,healthcare,5679
Springer Nature (Germany),funder,5662
Helmut Schmidt University,education,5645
Klinik und Poliklinik für Psychiatrie und Psychotherapie,healthcare,5552
Universitätsklinikum Tübingen,healthcare,5470
German Center for Lung Research,funder,5460
University Children's Hospital Tübingen,healthcare,5418
Leibniz Institute for Astrophysics Potsdam,funder,5392
Max Planck Institute for Social Anthropology,facility,5371
Merck (Germany),funder,5346
Max Planck Institute of Quantum Optics,funder,5309
Max Planck Institute for Dynamics of Complex Technical Systems,funder,5295
Max Planck Institute for Comparative and International Private Law,facility,5180
Max Planck Institute for Mathematics,facility,5161
National Center for Tumor Diseases,healthcare,5138
Helios Dr. Horst Schmidt Kliniken Wiesbaden,healthcare,5023
Friedrich-Loeffler-Institut,government,5021
Schott (Germany),company,4942
Institute of Medical Microbiology and Hygiene,facility,4932
German Sport University Cologne,funder,4931
Klinik und Poliklinik für Neurologie,healthcare,4864
Max Planck Institute for Biogeochemistry,facility,4785
Amazon (Germany),company,4773
Helmholtz-Zentrum Hereon,government,4711
Deutsches Diabetes-Zentrum e.V.,facility,4679
Stuttgart Observatory,facility,4675
Center for NanoScience,funder,4664
Max Planck Institute for Meteorology,facility,4632
Deutsches Herzzentrum München,healthcare,4562
Max-Planck-Institut für Kohlenforschung,facility,4559
Leibniz Institute of Polymer Research,funder,4504
Leibniz Institute for Neurobiology,facility,4479
Centre for European Economic Research,nonprofit,4325
Max-Born-Institute for Nonlinear Optics and Short Pulse Spectroscopy,facility,4298
Max Planck Institute for Molecular Genetics,facility,4266
Society for Chemical Engineering and Biotechnology,nonprofit,4264
HAW Hamburg,education,4252
Klinik und Poliklinik für Psychosomatische Medizin und Psychotherapie,healthcare,4234
German Center for Infection Research,funder,4165
Bauhaus-Universität Weimar,funder,4160
BG University Hospital Bergmannsheil Bochum,healthcare,4157
University of Applied Sciences Mainz,education,4048
Max Planck Institute for Chemical Physics of Solids,facility,4036
Bristol-Myers Squibb (Germany),company,4003
LVR-Klinik Köln,healthcare,3893
Carl Zeiss (Germany),funder,3878
Giessen School of Theology,education,3875
Klinik und Poliklinik für Psychotherapie und Psychosomatik,healthcare,3735
Max Planck Institute for the Study of Societies,facility,3723
University of Hildesheim,education,3722
German Institute of Human Nutrition,facility,3708
Max Planck Institute for Legal History and Legal Theory,facility,3687
Leibniz Institute of Freshwater Ecology and Inland Fisheries,funder,3678
Frankfurt Institute for Advanced Studies,facility,3677
Museum für Naturkunde,archive,3663
Weierstrass Institute for Applied Analysis and Stochastics,funder,3648
Klinik und Poliklinik für Kinder- und Jugendmedizin,healthcare,3614
Max Planck Institute of Molecular Cell Biology and Genetics,facility,3589
St. Josef-Hospital,healthcare,3589
Catholic University of Eichstätt-Ingolstadt,funder,3577
Leibniz Institute for Catalysis,facility,3576
Klinik und Poliklinik für Nuklearmedizin,healthcare,3575
Max Planck Institute of Microstructure Physics,facility,3568
Orthopädische Universitätsklinik,healthcare,3560
Leibniz Institute of Photonic Technology,facility,3547
BASF (Germany),funder,3544
Hertie Institute for Clinical Brain Research,other,3523
Universitäts Frauenklinik,healthcare,3511
Berlin Institute of Health at Charité - Universitätsmedizin Berlin,funder,3506
Vivantes Klinikum,healthcare,3493
Max Planck Institute of Molecular Plant Physiology,facility,3493
Max Planck Institute for Ornithology,funder,3483
Julius Kühn-Institut,government,3480
Hochschule Düsseldorf University of Applied Sciences,education,3449
Leipzig Heart Institute,facility,3425
Max Planck Institute for Innovation and Competition,facility,3424
Max Planck Institute for Research on Collective Goods,facility,3369
Helios Hospital Berlin-Buch,healthcare,3282
Center for Integrated Protein Science Munich,other,3278
German Center for Diabetes Research,facility,3278
Max Planck Institute for Chemical Ecology,facility,3269
Fraunhofer Institute for Solar Energy Systems,facility,3263
Philips (Germany),company,3235
Olgahospital,healthcare,3233
Max Planck Institute for Mathematics in the Sciences,funder,3228
Leibniz Institute of Plant Genetics and Crop Plant Research,funder,3207
Munich University of Applied Sciences,education,3184
Kerckhoff Klinik,healthcare,3179
"Max Planck Institute for the Study of Crime, Security and Law",facility,3177
Nuremberg Hospital,healthcare,3158
Research Center Borstel - Leibniz Lung Center,facility,3148
WZB Berlin Social Science Center,funder,3147
Hasso Plattner Institute,funder,3127
Klinikum Ludwigshafen,healthcare,3094
Heart and Diabetes Center North Rhine-Westphalia,healthcare,3077
Siemens Healthcare (Germany),funder,3056
Institut für Medien- und Kommunikationspolitik,facility,3056
Jülich Aachen Research Alliance,facility,3042
Deutsche Bundesbank,other,3021
Klinik für Psychosomatik,healthcare,3010
DIPF | Leibniz Institute for Research and Information in Education,facility,3009
Laboratory Dr. Wisplinghoff,facility,2952
European University Viadrina,education,2946
Max Planck Institute for Comparative Public Law and International Law,facility,2945
Max Planck Institute of Molecular Physiology,facility,2934
Federal Institute for Geosciences and Natural Resources,government,2898
University of Erfurt,funder,2897
University Hospital Augsburg,healthcare,2891
Federal Institute for Risk Assessment,government,2880
HTW Berlin - University of Applied Sciences,education,2848
Leibniz Institute DSMZ – German Collection of Microorganisms and Cell Cultures,facility,2844
WHU – Otto Beisheim School of Management,education,2831
Praxis für Humangenetik,facility,2812
Orthopädische Praxis,healthcare,2801
"Institut für Medizinische Informatik, Biometrie und Epidemiologie",facility,2800
German Centre for Integrative Biodiversity Research,funder,2792
Senckenberg Research Institute and Natural History Museum Frankfurt/M,archive,2757
Institute of Automation,facility,2733
Max Planck Institute for Dynamics and Self-Organization,facility,2724
TH Köln - University of Applied Sciences,education,2719
Helmholtz Institute Jena,facility,2719
Bernhard Nocht Institute for Tropical Medicine,facility,2698
Max Planck Institute for Marine Microbiology,facility,2684
Kiel Institute for the World Economy,funder,2667
Asklepios Klinik St. Georg,healthcare,2660
German Primate Center,funder,2655
Max Planck Institute for Developmental Biology,facility,2653
Kliniken Essen-Mitte,healthcare,2614
Robert Bosch Hospital,healthcare,2613
Leibniz Centre for Agricultural Landscape Research,facility,2598
Universitätsmedizin Rostock,healthcare,2583
Klinik und Poliklinik für Urologie,healthcare,2581
Georg Simon Ohm University of Applied Sciences Nuremberg,education,2552
Leibniz-Institut für Naturstoff-Forschung und Infektionsbiologie e. V. - Hans-Knöll-Institut (HKI),funder,2541
Max Planck Institute for the Science of Light,facility,2532
Klinikum Stuttgart,healthcare,2524
Zentrum für Kinderheilkunde,healthcare,2522
Reutlingen University,education,2513
Institute of Groundwater Ecology,nonprofit,2501
BMW (Germany),company,2498
Max Planck Institute for Evolutionary Biology,facility,2497
Heidelberg Institute for Theoretical Studies,facility,2493
Helmholtz-Institute Ulm,government,2488
University Hospital in Halle,healthcare,2486
Leibniz Institute for Tropospheric Research,funder,2482
Clinical Research Center Kiel,facility,2469
Mitsubishi Heavy Industries (Germany),company,2468
Universitäts-Herzzentrum Freiburg-Bad Krozingen,healthcare,2440
Berliner Hochschule für Technik,education,2436
Deutscher Wetterdienst,facility,2425
Laser Zentrum Hannover,nonprofit,2417
Zuse Institute Berlin,facility,2410
German Rheumatism Research Centre,facility,2403
Paul Ehrlich Institut,facility,2398
Max Planck Institute for Plant Breeding Research,facility,2385
Cologne Excellence Cluster on Cellular Stress Responses in Aging Associated Diseases,facility,2382
München Klinik Bogenhausen,healthcare,2381
Leibniz Institute for Baltic Sea Research,funder,2376
Institute for Advanced Study,funder,2370
Chirurgische Universitätsklinik Heidelberg,healthcare,2334
Martini-Klinik,healthcare,2332
Karlsruhe University of Applied Sciences,education,2326
Fraunhofer Institute for Applied Optics and Precision Engineering,facility,2320
Universitätskinderklinik,healthcare,2312
Rütgers (Germany),company,2311
Paul Drude Institute for Solid State Electronics,facility,2302
Klinik und Poliklinik für Psychosomatik und Psychotherapie,healthcare,2282
Institut für Arbeitsmarkt und Berufsforschung,funder,2278
FH Münster,education,2275
Deutsche Telekom (Germany),company,2266
Ferdinand-Braun-Institut,facility,2256
Hochschule Aalen,education,2254
Brain (Germany),company,2240
L3S Research Center,facility,2233
Institute of Molecular Biology,funder,2226
BMW Group (Germany),company,2225
Eppendorf (Germany),company,2223
Max Planck Institute for Medical Research,facility,2177
Centre Marc Bloch,facility,2172
Heinz Maier-Leibnitz Zentrum,facility,2163
Excellence Cluster Universe,education,2153
Max Planck Institute for Infection Biology,facility,2150
Max Planck Institute for Demographic Research,funder,2144
Max Planck Institute of Experimental Medicine,facility,2140
Bundeswehrkrankenhaus,healthcare,2139
Center for Free-Electron Laser Science,facility,2138
De Gruyter Brill (Germany),company,2137
Klinikum Magdeburg,healthcare,2131
Leibniz Institute for High Performance Microelectronics,facility,2121
Berlin School of Economics and Law,education,2107
Mitsubishi Electric (Germany),company,2103
"Fraunhofer Institute of Optronics, System Technologies and Image Exploitation",facility,2093
Institut für Urheber- und Medienrecht,facility,2092
Frankfurt School of Finance & Management,education,2092
Max Planck Institute for Heart and Lung Research,facility,2083
German Red Cross,healthcare,2077
STZ eyetrial,healthcare,2075
Senckenberg Biodiversity and Climate Research Centre,funder,2067
Centrum für Integrierte Onkologie,facility,2064
Darmstadt University of Applied Sciences,funder,2063
Max Planck Institute for Terrestrial Microbiology,funder,2057
Helios Universitätsklinikum Wuppertal,healthcare,2054
Leibniz-Institute for Food Systems Biology at the Technical University of Munich,facility,2049
Fraunhofer Institute for Toxicology and Experimental Medicine,facility,2046
Ruhrlandklinik,healthcare,2036
Oldenburger Institut für Informatik,facility,2033
Research Institute for Farm Animal Biology (FBN),funder,2030
Fraunhofer Institute for Applied Solid State Physics,facility,2005
Sustainable Europe Research Institute,nonprofit,1998
Ophthalmology Clinic,healthcare,1994
Leibniz Research Centre for Working Environment and Human Factors,funder,1990
ExxonMobil (Germany),company,1983
West German Heart and Vascular Center Essen,healthcare,1978
Fraunhofer Institute for Production Systems and Design Technology,facility,1971
Roche Pharma AG (Germany),funder,1958
Bruker (Germany),company,1958
Fraunhofer Institute for Reliability and Microintegration,facility,1951
Hochschule Bonn-Rhein-Sieg,education,1951
Evonik (Germany),funder,1940
Max Planck Institute for the Structure and Dynamics of Matter,facility,1928
Pforzheim University of Applied Sciences,education,1921
Joint Research Centre,government,1921
TH Bingen University of Applied Sciences,education,1913
Hertie School,education,1910
Bernstein Center for Computational Neuroscience Tübingen,government,1896
Furtwangen University,education,1870
Klinikum Bremen-Mitte,healthcare,1862
Regensburg University of Applied Sciences,education,1859
Max Planck Institute for Metabolism Research,facility,1857
Fraunhofer Institute for Integrated Circuits,facility,1854
Koblenz University of Applied Sciences,education,1852
Paracelsus Medizinische Privatuniversität,education,1850
Fraunhofer Institute for Molecular Biology and Applied Ecology,facility,1849
Hochschule Niederrhein,funder,1848
Kirchhoff (Germany),company,1845
Städtisches Klinikum Karlsruhe,healthcare,1841
Norsk Hydro (Germany),company,1835
Max Planck Institute for Plasma Physics - Greifswald,facility,1831
Klinikum Oldenburg,healthcare,1829
Ernst Ruska Centre,facility,1829
Max Planck Innovation,facility,1828
Hochschule Osnabrück,education,1827
Helios Kliniken,healthcare,1822
Max Planck Institute of Immunobiology and Epigenetics,facility,1812
"Institut für Medizinische Biometrie, Informatik und Epidemiologie",facility,1800
Heilbronn University,education,1797
Software (Germany),company,1795
German Environment Agency,government,1788
Max Planck Institute of Biophysics,facility,1777
Baden-Wuerttemberg Cooperative State University,education,1775
Max Planck Institute for the Study of Religious and Ethnic Diversity,funder,1766
Johann Heinrich von Thünen-Institut,government,1765
Sanofi (Germany),company,1762
St. Franziskus Hospital,healthcare,1760
LungenClinic Grosshansdorf,healthcare,1757
Max Planck Institute of Neurobiology,facility,1752
Weihenstephan-Triesdorf University of Applied Sciences,education,1745
Leibniz Institute for Zoo and Wildlife Research,funder,1736
Leibniz-Forschungsinstitut für Molekulare Pharmakologie,facility,1716
Fraunhofer Institute for Computer Graphics Research,facility,1713
Institute for Biodiversity,nonprofit,1712
Zoological Research Museum Alexander Koenig,archive,1708
John Wiley & Sons (Germany),company,1706
Hochschule Bielefeld,funder,1700
Frankfurt University of Applied Sciences,funder,1687
Bayreuth Medical Center,healthcare,1678
Berlin-Brandenburger Centrum für Regenerative Therapien,funder,1677
Fachhochschule Kiel,education,1675
Praxis für Hämatologie und Onkologie,healthcare,1670
Leibniz Institute of Plant Biochemistry,funder,1668
Krankenhaus Barmherzige Brüder,healthcare,1661
Fraunhofer Institute for Open Communication Systems,facility,1657
Airbus (Germany),company,1657
RWI – Leibniz Institute for Economic Research,facility,1652
Universities of Giessen and Marburg Lung Center,education,1644
FOM University of Applied Sciences for Economics and Management,education,1637
Deutsche Forschungsgemeinschaft,nonprofit,1633
Esslingen University of Applied Sciences,education,1632
Fraunhofer Institute for Mechanics of Materials,facility,1622
Leibniz Centre for Tropical Marine Research,funder,1621
EBS University of Business and Law,education,1619
Unfallkrankenhaus Berlin,healthcare,1618
Cardiovascular Center Frankfurt,facility,1614
Fraunhofer Institute for Industrial Mathematics,facility,1612
Max Planck Institute for the Science of Human History,funder,1610
Fulda University of Applied Sciences,education,1599
Fraunhofer Institute for Systems and Innovation Research,facility,1598
Bavarian State Collection of Zoology,archive,1592
Fischer (Germany),company,1584
Offenburg University of Applied Sciences,education,1578
Leibniz Institute for Crystal Growth,facility,1571
Central Institute for Art History,facility,1559
Leibniz Institute for Prevention Research and Epidemiology - BIPS,facility,1557
Evangelisches Krankenhaus Bielefeld,healthcare,1550
Munich Cluster for Systems Neurology,facility,1548
Leibniz Institute for Analytical Sciences - ISAS,facility,1546
University of Vechta,education,1536
Max Planck Institute for Chemical Energy Conversion,facility,1535
Ludwigsburg University of Education,education,1519
Fraunhofer Institute for Laser Technology,facility,1507
Klinikum St. Georg,healthcare,1497
Klinikum Saarbrücken,healthcare,1496
Leibniz-Institute for New Materials,facility,1495
Klinikum Dortmund,healthcare,1492
Ukrainian Free University,education,1484
Leibniz Institute for Plasma Science and Technology,facility,1470
Fraunhofer Institute for Ceramic Technologies and Systems,facility,1468
CS Diagnostics,facility,1468
Mannheim University of Applied Sciences,education,1467
Max Planck Institute for Brain Research,facility,1465
University of Education Freiburg,education,1464
Thüringer Landessternwarte Tautenburg,funder,1462
Ostfalia University of Applied Sciences,funder,1461
Kliniken der Stadt Köln,healthcare,1461
Max Planck Institute for Software Systems,facility,1454
Max Rubner Institut,government,1453
Klinikum Hanau,healthcare,1452
Trier University of Applied Sciences,education,1451
Munich Leukemia Laboratory (Germany),company,1445
Westfälische Hochschule,education,1442
Europa-Universität Flensburg,education,1441
Universitätsklinikum Knappschaftskrankenhaus Bochum,healthcare,1435
Life & Brain (Germany),company,1433
Fraunhofer Institute for Manufacturing Engineering and Automation,facility,1432
Gesundheitsamt,government,1426
Klinikum Frankfurt Höchst,healthcare,1426
ESCP Business School,education,1425
Klinik und Poliklinik für Strahlentherapie und Radioonkologie,healthcare,1424
Dr. Margarete Fischer-Bosch-Institute of Clinical Pharmacology,facility,1420
Volkswagen Group (Germany),funder,1417
Zeppelin Universität gemeinnützige GmbH,education,1411
Technische Hochschule Mittelhessen,education,1407
Leibniz Institute of Surface Engineering,facility,1398
GESIS - Leibniz-Institute for the Social Sciences,funder,1398
RheinMain University of Applied Sciences,education,1389
Institut für Psychologische Psychotherapie,facility,1388
Inform (Germany),company,1378
"Klinik und Poliklinik für Hals-, Nasen-, Ohrenheilkunde",healthcare,1369
Henkel (Germany),company,1360
Medical Genetics Center,healthcare,1359
ThyssenKrupp (Germany),funder,1345
"Klinik und Poliklinik für Mund-, Kiefer- und Gesichtschirurgie",healthcare,1345
Universitätsklinik Marien Hospital Herne,healthcare,1344
Nokia (Germany),company,1333
Klinikum Chemnitz,healthcare,1332
Leibniz-Institut für Werkstofforientierte Technologien - IWT,facility,1329
Leibniz Institute of Virology (LIV),facility,1328
University of Applied Sciences Landshut,education,1324
Institute of Bioinformatics and Systems Biology,facility,1323
Technische Hochschule Ulm,education,1318
Krankenhaus vom Roten Kreuz,healthcare,1313
Leipzig/Halle Airport,other,1312
Bernstein Center for Computational Neuroscience Berlin,government,1306
Federal Office for Radiation Protection,government,1306
Fraunhofer Institute for Intelligent Analysis and Information Systems,facility,1306
German Institute for Global and Area Studies,funder,1305
Literaturarchiv,archive,1304
Fraunhofer Institute for Experimental Software Engineering,facility,1302
Novartis (Germany),funder,1293
Fraunhofer Institute for Material and Beam Technology,facility,1292
Center of Advanced European Studies and Research,facility,1291
Westsächsische Hochschule Zwickau,education,1288
Krankenhaus Nordwest,healthcare,1287
University Cancer Center Hamburg,healthcare,1285
München Klinik Schwabing,healthcare,1281
"Systems, Applications & Products in Data Processing (Germany)",company,1277
Rhön-Klinikum,healthcare,1277
Halle Institute for Economic Research,facility,1276
Asklepios Fachkliniken München-Gauting,healthcare,1276
MSB Medical School Berlin,education,1273
Endokrinologikum,healthcare,1273
Klinikum Leverkusen,healthcare,1266
Max Planck Institute for Molecular Biomedicine,facility,1265
Leibniz Institute on Aging - Fritz Lipmann Institute (FLI),facility,1264
Zentralklinik Bad Berka,healthcare,1260
MSH Medical School Hamburg – University of Applied Sciences and Medical University,education,1258
Institut für Informationsverarbeitung,facility,1255
Sana Klinikum Offenbach,healthcare,1254
Helios Klinikum Erfurt,healthcare,1254
Fraunhofer Institute for Applied Information Technology,facility,1251
European X-Ray Free-Electron Laser,facility,1248
Ernst Abbe University of Applied Sciences Jena,education,1239
European Association of Social Psychology,other,1234
Berufsgenossenschaftliche Unfallklinik Murnau,healthcare,1228
Helios Klinikum Krefeld,healthcare,1227
Fraunhofer Institute for Machine Tools and Forming Technology,facility,1227
Fraunhofer Institute for Manufacturing Technology and Advanced Materials,facility,1226
Hautklinik Heidelberg,healthcare,1224
Museum am Rothenbaum,archive,1223
Klinikum Ingolstadt,healthcare,1220
Hochschule Magdeburg-Stendal,education,1213
Klinikum Kassel,healthcare,1210
Stuttgart University of Applied Sciences,education,1209
"Stiftung Wissenschaft und Politik, German Institute for International and Security Affairs",facility,1209
Deutsche Klinik für Diagnostik,healthcare,1209
European Molecular Biology Organization,nonprofit,1206
Frauenklinik Heidelberg,healthcare,1203
Hochschule Bremen,education,1201
Klinikum im Friedrichshain,healthcare,1199
Fraunhofer Institute for Cell Therapy and Immunology,funder,1196
Abbott (Germany),company,1196
Leibniz Institute for Agricultural Engineering and Bioeconomy,facility,1195
Klinikum Braunschweig,healthcare,1190
University Hospitals of the Ruhr-University of Bochum,healthcare,1186
DRK Kliniken Berlin,other,1185
Fraunhofer Institute for Integrated Systems and Device Technology,facility,1182
Fraunhofer Institute for Biomedical Engineering,facility,1180
Leipzig University of Applied Sciences,education,1170
Segeberger Kliniken,healthcare,1169
Federal Institute for Occupational Safety and Health,healthcare,1167
Katharinenhospital,healthcare,1163
Helmholtz Institute Mainz,government,1163
Wismar University of Applied Sciences,education,1161
Agaplesion Markus Hospital,healthcare,1154
Ingenieurgesellschaft Auto und Verkehr (Germany),company,1153
Johannes Wesling Klinikum Minden,healthcare,1151
CeNTech,other,1150
Fraunhofer Institute for Chemical Technology,facility,1148
Audi (Germany),company,1145
Research Association for Combustion Engines,nonprofit,1144
Institut für Technische und Angewandte Physik (Germany),company,1142
Klinikum Darmstadt,healthcare,1139
Asklepios Klinik Altona,healthcare,1138
"Fraunhofer Institute for Communication, Information Processing and Ergonomics",facility,1135
Technical University of Applied Sciences Wildau,education,1133
Richard Wolf (Germany),company,1133
Fraunhofer Institute for Industrial Engineering,facility,1133
Nippon Steel (Germany),company,1133
Fraunhofer Institute for Digital Medicine,facility,1130
Klinikum Fulda,healthcare,1119
Kempten University of Applied Sciences,education,1115
German Institute of Development and Sustainability,funder,1113
Federal Institute for Drugs and Medical Devices,government,1103
Dortmund University of Applied Sciences and Arts,education,1099
Max Planck Institute for Tax Law and Public Finance,facility,1093
Center for Behavioral Brain Sciences,funder,1091
Leibniz Institute of Environmental Medicine,nonprofit,1090
Hamburg Institut (Germany),company,1087
Daiichi Sankyo (Germany),company,1085
Klinikum Bielefeld,healthcare,1082
Alfried Krupp Hospital,healthcare,1080
Rheumazentrum Ruhrgebiet,healthcare,1074
Hearing4all,facility,1074
Fraunhofer Institute for High Frequency Physics and Radar Techniques,facility,1074
DWI – Leibniz Institute for Interactive Materials,facility,1073
Continental (Germany),company,1069
Klinikum Coburg,healthcare,1068
Fraunhofer Institute for Interfacial Engineering and Biotechnology,facility,1068
Universitäts-Augenklinik Bonn,healthcare,1064
HHL Leipzig Graduate School of Management,education,1063
IFB Adiposity Diseases,facility,1063
Leibniz University of Applied Sciences,education,1056
Research Institute for Sustainability at GFZ,facility,1055
Krankenhaus Dresden-Friedrichstadt,healthcare,1053
Klinikum Esslingen,healthcare,1052
Centre for Higher Education,nonprofit,1050
Helmholtz Institute for Pharmaceutical Research Saarland,government,1047
Fraunhofer Institute for Applied Polymer Research,facility,1046
Bavarian Center for Applied Energy Research,nonprofit,1045
Deutsches Biomasseforschungszentrum,nonprofit,1041
Intel (Germany),company,1041
Hochschule Fresenius,education,1041
Universitäts-HNO-Klinik Heidelberg,healthcare,1036
Institute for Prevention and Occupational Medicine,facility,1035
Technische Hochschule Ingolstadt,education,1030
Hochschule Hannover,education,1030
Krankenhaus Bethanien,healthcare,1028
Staatliches Museum für Naturkunde Stuttgart,archive,1026
European School of Management and Technology,education,1020
Senckenberg am Meer,facility,1019
Hochschule für Technik und Wirtschaft Dresden – University of Applied Sciences,education,1014
"Universitätsklinik für Hals-, Nasen- und Ohrenheilkunde",healthcare,1014
Deggendorf Institute of Technology,education,1011
Heidelberg University of Education,education,1006
Diakonissenkrankenhaus,healthcare,1006
Klinikum Lüneburg,healthcare,1005
Klinik und Poliklinik für Kinder- und Jugendpsychiatrie,healthcare,1005
Augenklinik Heidelberg,healthcare,998
"Wuppertal Institute for Climate, Environment and Energy",facility,998
Bavarian State Research Center for Agriculture,government,995
Bergmann und Partner Rechtsanwälte,other,992
Universitätsklinik für Strahlentherapie,healthcare,988
Institut für Sonnenphysik,facility,987
Center for Experimental and Clinical Infection Research,facility,986
Helios Klinikum Emil von Behring,healthcare,986
Euroimmun Medizinische Labordiagnostika (Germany),company,985
Ostwestfalen-Lippe University of Applied Sciences and Arts,education,984
BG Klinikum Duisburg,healthcare,981
Center for HIV and Hepatogastroenterology,healthcare,976
Comprehensive Cancer Center Mainfranken,healthcare,974
Kinderkrankenhaus auf der Bult,healthcare,974
St. Josef Krankenhaus,healthcare,973
Fresenius Medical Care (Germany),company,971
Zentrum für Sonnenenergie- und Wasserstoff-Forschung Baden-Württemberg,nonprofit,971
Institut für Hygiene und Umwelt,facility,970
St. Hedwig-Krankenhaus,healthcare,965
Leibniz Institute of Agricultural Development in Transition Economies,funder,962
Carl-Thiem-Klinikum Cottbus,healthcare,962
Cologne Institute for Economic Research,education,957
John von Neumann Institute for Computing,facility,957
Bavarian Academy of Sciences and Humanities,funder,954
Hochschule Mittweida,education,953
Nanoscale Microscopy and Molecular Physiology of the Brain Cluster of Excellence 171 — DFG Research Center 103,facility,953
OSRAM (Germany),company,953
Hamburg Institute of International Economics,other,952
Georg Speyer Haus,facility,947
Gesellschaft Fur Mathematik Und Datenverarbeitung,facility,945
Asklepios,healthcare,945
Max Planck Institute for Biology of Ageing,nonprofit,945
Ruhr West University of Applied Sciences,education,938
Bayerische Staatssammlung für Paläontologie und Geologie,archive,938
"Klinik und Poliklinik für Orthopädie, Physikalische Medizin und Rehabilitation",healthcare,933
South Westphalia University of Applied Sciences,education,932
"Deutsches Archäologisches Institut, Zentrale",facility,926
Klinikum Fürth,healthcare,924
International Medical Research (Germany),company,923
Asklepios Klinik Barmbek,healthcare,922
Botanic Garden and Botanical Museum Berlin,archive,921
Caritas-Krankenhaus Bad Mergentheim,healthcare,920
Klinikum Ernst von Bergmann,healthcare,918
LWL-Universitätsklinikum Bochum,healthcare,916
Sana Klinikum,healthcare,916
Ludwigshafen University of Business and Society,education,913
SLK-Kliniken Heilbronn,healthcare,908
Aschaffenburg University of Applied Sciences,education,903
Institut für Soziale Arbeit,nonprofit,903
Fraunhofer Institute for Microengineering and Microsystems,facility,903
Universitäres Kinderwunschzentrum Lübeck,healthcare,902
Städtisches Klinikum Dresden,healthcare,902
Fraunhofer Institute for Production Technology IPT,facility,901
Klinikum Region Hannover,healthcare,901
Brandenburg University of Applied Sciences,education,898
"HTWG Hochschule Konstanz - Technik, Wirtschaft und Gestaltung",education,898
Leibniz Institute of Vegetable and Ornamental Crops,facility,897
Institute for Sports Medicine,other,888
Institut für Zeitgeschichte München–Berlin,nonprofit,879
Städtisches Klinikum Dessau,healthcare,879
Federal Institute of Hydrology,government,878
St. Josefs Hospital,healthcare,876
BG Klinik Tübingen,healthcare,875
Leibniz Institute for Science and Mathematics Education,facility,872
München Klinik Harlaching,healthcare,871
Deutsch Amerikanisches Institut Saarland,education,869
Zittau/Görlitz University of Applied Sciences,education,867
Natural and Medical Sciences Institute,other,867
Marienkrankenhaus Hamburg,healthcare,866
Leibniz-Institut für Verbundwerkstoffe GmbH,nonprofit,866
Senckenberg Centre for Human Evolution and Palaeoenvironment,facility,863
Leibniz Institute for Applied Geophysics,funder,862
Schön Klinik Hamburg Eilbek,healthcare,858
Linde (Germany),company,858
FEV (Germany),company,856
DVGW-Forschungsstelle am Engler-Bunte-Institut des Karlsruher Instituts für Technologie,facility,856
Institut für Solarenergieforschung,nonprofit,855
OncoRay,healthcare,853
Bayerisches Landesamt für Gesundheit und Lebensmittelsicherheit,government,853
Staats- und Universitätsbibliothek Bremen,archive,853
European Space Operations Centre,government,852
Stadtwerke Jülich (Germany),company,848
Hella (Germany),company,846
Klinikum Aschaffenburg,healthcare,835
GlobalFoundries (Germany),company,832
St. Marien Hospital,healthcare,832
Klinikum Lippe,healthcare,831
Mannheim Centre for European Social Research,education,830
Max Bergmann Zentrum für Biomaterialien,facility,830
Leibniz Institute of Atmospheric Physics at the Rostock University,facility,828
Eli Lilly (Germany),funder,828
Statistisches Bundesamt,government,826
Cluster of Excellence on Plant Sciences,funder,820
Hologic (Germany),company,820
BG Klinikum Bergmannstrost Halle,healthcare,819
German Breast group,nonprofit,818
Sozialstiftung Bamberg,healthcare,818
Munich School of Philosophy,education,814
Berufsgenossenschaftliche Unfallklinik Frankfurt am Main,healthcare,813
ift Rosenheim,facility,812
Planet,company,810
Klinik und Poliklinik für Hals-Nasen-Ohren-Heilkunde,healthcare,809
Knowledge Unlatched (Germany),company,808
Behörde für Gesundheit und Verbraucherschutz,government,808
Rohde & Schwarz (Germany),company,807
Fraunhofer Institute for Photonic Microsystems,facility,803
Fraunhofer Institute for Secure Information Technology,funder,803
Deutsche Bank (Germany),company,803
DoCoMo Communications Laboratories Europe GmbH,company,802
Stuttgart Media University,education,801
Technische Hochschule Augsburg,education,801
MTU Aero Engines (Germany),company,795
Coburg University of Applied Sciences,education,793
Leibniz-Centre General Linguistics,facility,792
Dermatopathologie Friedrichshafen,facility,792
Marienhospital Stuttgart,healthcare,791
Bernstein Center for Computational Neuroscience Freiburg,government,788
Beiersdorf (Germany),company,788
Caritas-Krankenhaus St. Josef,healthcare,788
Alice-Salomon-Hochschule Berlin,education,786
Heidelberger Institut für Radioonkologie,other,785
University of Applied Sciences Ravensburg-Weingarten,education,784
Anhalt University of Applied Sciences,education,782
Comprehensive Cancer Center Erlangen,healthcare,782
Medizinische Hochschule Brandenburg Theodor Fontane,education,781
Bernstein Center for Computational Neuroscience Göttingen,government,779
Klinikum Ludwigsburg,healthcare,779
Max Planck Institute for Social Law and Social Policy,facility,778
Westpfalz Klinikum,healthcare,778
European Organisation for the Exploitation of Meteorological Satellites,nonprofit,776
Bundeswehrzentralkrankenhaus Koblenz,healthcare,775
Senckenberg Natural History Collections Dresden,archive,775
Leibniz-Institut für Wissensmedien,facility,774
Städtisches Klinikum Solingen,healthcare,773
Fraunhofer Institute for Physical Measurement Techniques,facility,773
Berufsgenossenschaft für Gesundheitsdienst und Wohlfahrtspflege,nonprofit,770
Schlosspark-Klinik,healthcare,766
Fraunhofer Institute for Algorithms and Scientific Computing,facility,766
Huawei Technologies (Germany),company,763
SRH Wald-Klinikum Gera,healthcare,763
TIE Kinetix (Germany),company,759
Fraunhofer Institute for Silicate Research,facility,757
Loewe Center for Synthetic Microbiology,education,756
Nanosystems Initiative Munich,facility,756
Berlin University of the Arts,education,756
Merseburg University of Applied Sciences,education,753
Rostocker Zentrum zur Erforschung des Demografischen Wandels,facility,751
Hamburger Fern-Hochschule,education,750
Max Planck Computing and Data Facility,facility,750
Leibniz Institute for the German Language,facility,748
Jade University of Applied Sciences,education,748
Lukaskrankenhaus,healthcare,747
Bremen Institute for Applied Beam Technology,facility,747
University of Applied Sciences Worms,education,745
Hochschule Geisenheim University,funder,744
Evangelisches Krankenhaus Düsseldorf,healthcare,743
Technical University of Applied Sciences Würzburg-Schweinfurt,education,740
Fraunhofer Institute for Process Engineering and Packaging,facility,740
Asklepios Klinik Sankt Augustin,healthcare,740
Northrop Grumman (Germany),company,738
Gesellschaft für Anlagen und Reaktorsicherheit,nonprofit,737
Research Institute of Automotive Engineering and Vehicle Engines Stuttgart,facility,735
Grünenthal Group (Germany),company,735
University of Applied Sciences Stralsund,education,734
Lantiq (Germany),funder,732
Blücher (Germany),company,732
Epigenomics (Germany),company,731
IBM (Germany),company,729
Center for Integrated Quantum Science and Technology,funder,725
Fraunhofer Institute for Nondestructive Testing,facility,724
Eberswalde University for Sustainable Development,education,723
Garmisch-Partenkirchen Medical Center,healthcare,723
Fraunhofer Institute for Electronic Nano Systems,facility,721
FIZ Karlsruhe – Leibniz Institute for Information Infrastructure,nonprofit,721
Bavarian Polymer Institute,facility,719
Landeskriminalamt Niedersachsen,government,719
Aixtron (Germany),company,718
Hahn-Schickard-Gesellschaft für angewandte Forschung,nonprofit,717
University of Applied Sciences Emden Leer,education,716
Dermatologikum Hamburg,healthcare,716
Universitäts Hautklinik Kiel,healthcare,715
Starnberg Hospital,healthcare,714
Forschungsverbund Berlin,funder,713
Klinik und Poliklinik für Augenheilkunde Universitätsklinikum Regensburg,healthcare,713
Institute for Environment and Human Security,funder,711
Pius Hospital Oldenburg,healthcare,705
Institute for Quality and Efficiency in Health Care,facility,705
Berlin Brandenburg Institute of Advanced Biodiversity Research,other,702
Friedrich Baur Stiftung,other,700
German Center for Pediatric and Adolescent Rheumatology,healthcare,700
Fortiss,nonprofit,699
University of Applied Sciences Kaiserslautern,education,694
Federal Highway and Transport Research Institute,funder,694
Immungenetics (Germany),company,693
Fresenius (Germany),company,692
Institut für Solartechnologien (Germany),company,690
St.-Johannes-Hospital Dortmund,healthcare,689
Mercedes-Benz (Germany),company,689
Malteser-Krankenhaus,healthcare,686
Elisabeth-Krankenhaus Essen,healthcare,684
German Climate Computing Centre,funder,683
Bucerius Law School,education,682
Honda (Germany),company,682
Vodafone (Germany),company,682
Fraunhofer Project Centre Wolfsburg,facility,681
Fraunhofer Institute for Structural Durability and System Reliability,facility,680
German Cancer Society,nonprofit,679
United Nations University,other,676
HNO Bad Bramstedt,healthcare,675
Bochum University of Applied Sciences,education,672
ZF Friedrichshafen (Germany),company,672
Lungenklinik Köln-Merheim,healthcare,668
Senckenberg Society for Nature Research,nonprofit,667
Fahrenheit (Germany),company,666
Institut für Angewandte Statistik,facility,662
Rhine-Waal University of Applied Sciences,education,662
Helios Hospital Schwerin,healthcare,662
Klinikum Brandenburg,healthcare,661
St. Elisabeth-Hospital Bochum,healthcare,661
Agaplesion Diakonieklinikum Rotenburg,healthcare,660
Universitäts-Kinderklinik Würzburg,healthcare,659
Itasca Consultants (Germany),company,656
Helmholtz-Institute Münster,government,653
Deutsche Bahn (Germany),funder,653
Fraunhofer Institute for Factory Operation and Automation,facility,652
Steinbeis University Berlin,education,652
Deutsche Rentenversicherung Bund,funder,651
Nordhausen University of Applied Sciences,education,651
Marienhaus Klinikum Hetzelstift Neustadt,healthcare,651
Augusta-Kranken-Anstalt,healthcare,651
Berufsgenossenschaftliche Unfallklinik Ludwigshafen,healthcare,650
Miltenyi Biotec (Germany),funder,649
German Orient Foundation,nonprofit,645
Hochschule Bremerhaven,education,644
Institute of Computer Vision and Applied Computer Sciences,facility,643
Institute for Applied Economic Research,nonprofit,642
German Institute for Adult Education – Leibniz Centre for Lifelong Learning,facility,642
Urologische Klinik München,healthcare,640
"Klinik und Poliklinik für Mund-, Kiefer- und Plastische Gesichtschirurgie",healthcare,639
Schmerzklinik Kiel,healthcare,637
German University of Administrative Sciences,education,635
Hanover University of Music Drama and Media,education,635
Institute for Mobile and Satellite Communication Technology,facility,633
Steinbeis Foundation,other,632
Helmholtz Institute Freiberg for Resource Technology,government,631
Harz University of Applied Sciences,education,631
International Neuroscience Institute,facility,630
Janssen (Germany),company,629
Martin-Luther-Krankenhaus,healthcare,628
Neubrandenburg University of Applied Sciences,education,626
Poliklinik für Zahnärztliche Prothetik,healthcare,625
Deutsches Jugendinstitut,facility,625
Institut für Energie- und Umwelttechnik,facility,624
Behringwerke (Germany),company,624
BG Klinikum Hamburg,healthcare,624
Nephrologisches Zentrum Villingen-Schwenningen,healthcare,623
Leibniz Institute for Financial Research SAFE,facility,619
Berufskolleg Am Wasserturm,education,618
Konrad-Adenauer-Stiftung,other,618
Institute of Pathology Celle,facility,617
Fraunhofer Institute for Surface Engineering and Thin Films,facility,617
Cardiovascular Center Bethanien,facility,615
Stiftung Institut für Herzinfarktforschung,other,615
Focus (Germany),company,614
Heidelberg Academy of Sciences and Humanities,funder,613
Leibniz Institute of Ecological Urban and Regional Development,facility,613
Synlab (Germany),company,609
Knappschaftskrankenhaus Recklinghausen,healthcare,609
"Medizinisches Versorgungszentrum Prof. Mathey, Prof. Schofer",healthcare,607
Erwin L. Hahn Institute for Magnetic Resonance Imaging,facility,606
Munich Business School,education,606
Schön Klinik Vogtareuth,healthcare,606
Klinikum Südstadt Rostock,healthcare,605
Deutscher Bundestag,government,605
Immanuel Krankenhaus,healthcare,604
St. Vincentius-Kliniken,healthcare,603
Roth and Rau (Germany),company,602
Johnson Matthey (Germany),company,602
Asklepios Klinikum Harburg,healthcare,602
Access,facility,601
"Fraunhofer Institute for Environmental, Safety and Energy Technology UMSICHT",facility,601
Fraunhofer Institute for Wind Energy Systems,facility,600
Thüringer Aufbaubank,other,598
Dienstleistungszentrum Ländlicher Raum,other,597
Baum Consult,nonprofit,595
International University Institute,education,593
German Oceanographic Museum,archive,593
Kinderkrebs-Zentrum Hamburg,facility,592
AbbVie (Germany),funder,592
Klinikum Arnsberg,healthcare,590
St. Vincenz-Krankenhaus Limburg,healthcare,590
Schön Klinik Neustadt,healthcare,589
Hamburg School of Business Administration,education,586
Electro Optical Systems (Germany),company,584
HafenCity University Hamburg,education,583
Klinik und Poliklinik für Psychiatrie und Psychotherapie des Kindes- und Jugendalters,healthcare,579
Werner-Wicker-Klinik,healthcare,578
Krankenhaus Köln-Holweide,healthcare,573
Schön Klinik Bad Aibling,healthcare,572
Hamm-Lippstadt University of Applied Sciences,education,570
Center for Systems Biology Dresden,facility,569
Max Planck Institute for Empirical Aesthetics,facility,568
Schwarzwald-Baar Klinikum,healthcare,566
München Klinik Neuperlach,healthcare,564
Klinikum Konstanz,healthcare,563
St. Joseph-Krankenhaus,healthcare,562
Klinikum Bremerhaven-Reinkenheide,healthcare,560
Marien Hospital Wesel,healthcare,560
Agilent Technologies (Germany),company,559
LWL-Universitätsklinik Hamm,healthcare,559
Deutsches Museum,funder,559
Hannover Re (Germany),funder,558
"Fraunhofer Institute for High-Speed Dynamics, Ernst-Mach-Institut",facility,556
European Academy of Technology and Innovation Assessment,nonprofit,556
Applied Materials (Germany),company,555
IFT Institut für Therapieforschung,facility,553
Klinik Donaustauf,healthcare,553
Hopp Children's Cancer Center Heidelberg,facility,552
Zentrum für Rhinologie und Allergologie,healthcare,552
Thermo Fisher Scientific (Germany),company,551
Alexander von Humboldt Foundation,nonprofit,550
Klinikum Görlitz,healthcare,549
Kliniken Maria Hilf,healthcare,547
Allgemeines Krankenhaus Celle,healthcare,546
Frankfurt Cancer Institute,nonprofit,542
Klinikum Links der Weser,healthcare,540
Ravensburg University of Cooperative Education,education,540
Klinikum Sindelfingen-Böblingen,healthcare,540
Fraunhofer Institute for Building Physics,facility,540
Klinikum Weiden,healthcare,540
Technicolor (Germany),company,536
Rolls-Royce (Germany),company,535
Profil Institute for Metabolic Research,facility,534
MerLion Pharma (Germany),company,533
SRH Klinikum Karlsbad-Langensteinbach,healthcare,532
NXP (Germany),company,531
Clinical Research Services,healthcare,530
Hochschule für Technik und Wirtschaft des Saarlandes,education,530
Berlin-Brandenburg Academy of Sciences and Humanities,education,530
Federal Office of Consumer Protection and Food Safety,government,529
Hesse (Germany),company,529
Bavarian Forest National Park,archive,529
Marienhospital Bottrop,healthcare,529
Krankenhaus Düren,healthcare,528
Schön Klinik Roseneck,healthcare,528
Pfizer (Germany),company,525
Deutsches Institut für Normung,nonprofit,525
University of Education Weingarten,education,525
Thales (Germany),company,525
University of Applied Sciences Potsdam,education,524
Deutsche Gesellschaft für Anästhesiologie und Intensivmedizin,other,524
Sana Klinikum Lichtenberg,healthcare,523
Schön Klinik Berchtesgadener Land,healthcare,522
Auguste-Viktoria-Klinik,healthcare,522
Shell (Germany),company,520
Mercator Research Institute on Global Commons and Climate Change,other,518
Fraunhofer Institute for Material Flow and Logistics,facility,517
Klinikum Osnabrück,healthcare,517
Accadis Hochschule Bad Homburg,education,516
Martha-Maria Hospital,healthcare,516
Isotopen Technologien München (Germany),company,515
Leibniz-Zentrum Moderner Orient,facility,513
Flensburg University of Applied Sciences,education,513
German Society of Surgery,other,513
Bundesinstitut für Sportwissenschaft,government,513
Munich Center for Quantum Science and Technology,funder,512
Intelligent Transport Systems Niedersachsen,other,510
Sankt-Antonius-Hospital Eschweiler,healthcare,508
Helios Hospital Bad Saarow,healthcare,507
Laser- und Medizin-Technologie (Germany),company,507
Lufthansa (Germany),company,505
"Klinik und Poliklinik für Urologie, Kinderurologie und Andrologie",healthcare,503
Klinikum St. Marien Amberg,healthcare,503
Klinikum Vest,healthcare,502
Universität Bayern,education,501
European Neuroendocrine Tumor Society,other,500
Immanuel Klinikum Bernau,healthcare,499
Federal Foreign Office,government,499
Klinikum Lüdenscheid,healthcare,497
NaMLab (Germany),company,497
Wissenschaftliches Institut für Infrastruktur und Kommunikationsdienste,other,496
St. Anna Hospital,healthcare,496
University of Design Schwäbisch Gmünd,education,495
Hans Böckler Foundation,nonprofit,495
KRH Klinikum Nordstadt,healthcare,495
Krankenhaus der Barmherzigen Brüder Trier,nonprofit,495
Institut für Nanophotonik,facility,493
European Neuroscience Institute Göttingen,facility,492
Diakonie Kork,healthcare,491
W. L. Gore & Associates (Germany),company,490
TRUMPF (Germany),company,490
German Diabetes Center Mergentheim,facility,490
Saxon Academy of Sciences and Humanities in Leipzig,funder,487
Evangelisches Krankenhaus Königin Elisabeth Herzberge,healthcare,485
Heinz Nixdorf Stiftung,nonprofit,484
Poliklinik für Zahnerhaltung und Parodontologie,healthcare,484
Heraeus (Germany),company,481
Asklepios Kliniken Hamburg,healthcare,481
Helios Hospital Siegburg,healthcare,480
Institute of Avian Research,facility,480
Augenklinik Universitätsklinikum Würzburg,healthcare,480
Kreiskliniken Reutlingen,healthcare,479
Innovent,nonprofit,479
Nordwestdeutsche Forstliche Versuchsanstalt,facility,476
Kühne Logistics University,education,475
MorphoSys (Germany),funder,475
Christophorus Kliniken,healthcare,475
Nürtingen-Geislingen University of Applied Science,education,475
RWE (Germany),company,474
Industrial Union of Metalworkers,other,474
Albstadt-Sigmaringen University,education,474
University of Applied Sciences Erfurt,education,472
Peace Research Institute Frankfurt,facility,472
Orthopaedic University Hospital Friedrichsheim,healthcare,472
Fraunhofer Institute for Digital Media Technology,facility,470
Christiani,education,469
Helmholtz Center for Information Security,funder,469
St. Bernward Krankenhaus,healthcare,469
Federal Employment Agency,government,469
Aerospace Institute (Germany),company,468
Schüchtermann-Klinik,healthcare,467
University of Applied Sciences Wedel,education,466
Städtische Kliniken Mönchengladbach,healthcare,466
Mundipharma (Germany),company,465
Wissenschaftliches Institut der AOK,facility,463
Mosaiques Diagnostics and Therapeutics (Germany),company,462
Alb Fils Kliniken,healthcare,462
Ecologic Institute,nonprofit,461
Ostbayerische Technische Hochschule Amberg-Weiden,education,461
Asklepios Kliniken Bad Abbach,healthcare,460
Landstuhl Regional Medical Center,healthcare,458
Pierre Fabre (Germany),company,457
Paracelsus Elena Klinik Kassel,healthcare,456
Schneider Electric (Germany),company,455
Institut für Automation und Kommunikation,facility,454
Helios Amper-Klinikum Dachau,healthcare,452
Lungenklinik Hemer,healthcare,452
Berlin Mathematical School,funder,451
Johanniter-Krankenhaus Bonn,healthcare,449
Marien Hospital Witten,healthcare,448
X-Fab (Germany),company,448
Elbe Kliniken Stade-Buxtehude,healthcare,448
Medtronic (Germany),company,446
German Medical Association,other,445
UCB Pharma (Germany),funder,445
Fraunhofer Institute for Microelectronic Circuits and Systems,facility,443
Albertinen Diakoniewerk,healthcare,442
Ford (Germany),company,441
Gesellschaft für wissenschaftliche Datenverarbeitung mbH Göttingen,other,441
Klinik Bad Reichenhall,healthcare,441
Barmherzige Brüder Klinikum St. Elisabeth in Straubing,healthcare,438
Forschungsinstitut für Kinderernährung,education,436
Neu-Ulm University of Applied Sciences,education,435
European Institute for Energy Research,facility,434
Freudenberg (Germany),company,434
Bayerisches Landesamt für Umwelt,government,434
Eastman Chemical Company (Germany),company,433
Helmholtz Institute Erlangen-Nürnberg,government,432
Isar-Amper-Klinikum München-Ost,healthcare,432
Technical University of Applied Sciences Lübeck,education,432
Leibniz Supercomputing Centre,funder,430
Schaeffler (Germany),company,429
International Audio Laboratories Erlangen,facility,428
DRK Krankenhaus Altenkirchen-Hachenburg,healthcare,428
Zentrum für Psychiatrie Südwürttemberg,healthcare,428
Ambulatory Rehabilitation Center Berlin Adlershof,other,428
Heidenhain (Germany),company,427
Leopoldina Krankenhaus Schweinfurt,healthcare,427
Friedensau Adventist University,education,426
Nephrologisches Zentrum Goettingen,facility,426
Krankenhaus Sachsenhausen,healthcare,425
IGES Institut,facility,424
Framatome (Germany),company,424
Federal Agency for Cartography and Geodesy,government,423
Krebsregister Saarland,healthcare,422
Asahi Kasei (Germany),company,421
Leibniz Institute of European History,facility,421
Deutsche Post (Germany),company,420
University of Applied Sciences for Public Administration and Management,education,420
PHV Dialysezentrum,nonprofit,419
Kliniken Schmieder,healthcare,417
GfK (Germany),company,417
Medizinisches Laserzentrum Lübeck (Germany),company,416
German Centre of Gerontology,facility,416
AMO (Germany),company,416
National Association of Statutory Health Insurance Physicians,other,415
Universitätsaugenklinik Magdeburg,healthcare,415
Supply Chain Competence Center (Germany),other,413
Dr Willmar Schwabe (Germany),company,412
Helios Endo-Klinik Hamburg,healthcare,412
Chemisches und Veterinäruntersuchungsamt Karlsruhe,other,412
CBS International Business School,education,412
Inn-Salzach-Klinikum,healthcare,411
KIST Europe,facility,410
Fraunhofer Institute for Wood Research Wilhelm-Klauditz-Institut,funder,409
Ernst Strüngmann Institute for Neuroscience,facility,409
Rosenheim Technical University of Applied Sciences,education,408
Evangelische Lungenklinik Berlin,healthcare,406
PNSensor (Germany),company,406
International Psychoanalytic University Berlin,education,406
Paracelsus-Kliniken,healthcare,405
Dornier Flugzeugwerke (Germany),company,405
Medias Klinikum,healthcare,405
Krankenhaus St. Elisabeth und St. Barbara,healthcare,404
Biobase (Germany),company,403
Senckenberg Museum für Naturkunde Görlitz,archive,402
Mercator Institute for China Studies,other,402
Sozialwissenschaftliche Forschung und Beratung,nonprofit,400
GEOMAR Technologie GmbH - GTG,company,399
Katholisches Kinderkrankenhaus Wilhelmstift,healthcare,399
State Library of Württemberg,archive,398
Institute for Applied Systems Technology Bremen,facility,398
Ortenau Klinikum,healthcare,396
University of Applied Sciences Biberach,education,396
Diakonie Klinikum Jung-Stilling,healthcare,395
Institute for International Social Research,nonprofit,394
Stifterverband,other,394
University of Applied Sciences and Arts Hildesheim/Holzminden/Göttingen,education,393
Frequentis (Germany),company,393
Institut für Grenzgebiete der Psychologie und Psychohygiene,nonprofit,393
Leibniz Institute for East and Southeast European Studies,funder,393
Altonaer Kinderkrankenhaus,healthcare,392
Deutsche Gesellschaft für Internationale Zusammenarbeit,other,392
Institut für Arbeitsschutz der Deutschen Gesetzlichen Unfallversicherung,facility,392
Europa-Institut,education,392
Space Telescope European Coordinating Facility,facility,391
Lower Saxony State Office for Consumer Protection and Food Safety,government,391
Schön Klinik München Harlaching,healthcare,391
Leibniz Institute for Research on Society and Space,other,391
"Poliklinik für Endokrinologie, Diabetologie und Präventivmedizin",healthcare,389
Fraunhofer Institute for Microstructure of Materials and Systems,facility,389
Marien Hospital Düsseldorf,healthcare,389
LEIZA - Leibniz-Zentrum für Archäologie,archive,388
Marienhospital Osnabrück,healthcare,388
Institut für Frauengesundheit,other,387
Diakonie Deutschland,nonprofit,387
ABB (Germany),company,387
Paul Langerhans Institute Dresden,facility,387
Laboklin (Germany),company,387
Federal Ministry of Labour and Social Affairs,government,385
Sonneberg Observatory,facility,385
Institut für Mikroelektronik Stuttgart,nonprofit,384
Magna International (Germany),company,383
Evangelisches Krankenhaus Göttingen-Weende,healthcare,383
Klinik König-Ludwig Haus,healthcare,382
Institut für Handelsforschung,other,381
St. Bonifatius Hospital,healthcare,381
Nomor Research (Germany),company,379
Analytisches Laboratorium,facility,379
Ingenieure für das Bauwesen,other,379
Diamant (Germany),company,379
Bonn Aachen International Center for Information Technology,funder,379
Rotkreuzklinikum München,nonprofit,377
Amgen (Germany),company,377
Deutsches Forschungsnetz,facility,377
ADVA Optical Networking (Germany),company,374
Clariant (Germany),company,374
Bundeskriminalamt,government,374
Hohenstein Institute,facility,373
Chemical Genomics Centre,facility,373
Landesgesundheitsamt Baden-Württemberg,government,371
Klinikum Mittelbaden,healthcare,371
Fachklinik 360°,healthcare,371
Helios Vogtland Klinikum Plauen,healthcare,369
Oeko Institut,nonprofit,369
Clemenshospital Münster,healthcare,369
Evangelisches Krankenhaus Oldenburg,healthcare,369
Institute for Laser Technology in Medicine and Measurement Technique,nonprofit,368
Medical Mission Institute,other,367
Herrenknecht (Germany),company,367
Fachklinik Hornheide,healthcare,367
Sankt Gertrauden Krankenhaus,healthcare,366
Helmholtz Association of German Research Centres,government,365
Rhenish Institute for Environmental Research,facility,365
Hochschule Macromedia,education,364
Genetikum,facility,364
Bundeswehr Medical Service Academy,healthcare,364
Max Planck Institut für Zellbiologie,facility,364
Siloah St. Trudpert Klinikum,healthcare,364
Institut für Lungenforschung,facility,363
Landschaftsverband Westfalen-Lippe,other,362
DVGW - Technologiezentrum Wasser,facility,361
"Institut für Tier-, Natur- und Umweltethik",nonprofit,361
Catholic University of Applied Sciences of North Rhine – Westphalia,education,360
Nierenzentrum Heidelberg,healthcare,360
Mannesmann (Germany),company,360
Johanna-Etienne-Krankenhaus,healthcare,360
ECT Oekotoxikologie (Germany),company,359
Agaplesion Bethesda Krankenhaus,healthcare,359
Friedrich-Ebert-Stiftung e.V.,other,358
Kreditanstalt für Wiederaufbau,other,356
Deutz (Germany),company,356
Klinikum Mutterhaus der Borromäerinnen,healthcare,356
Institut für Klinische Forschung und Entwicklung,facility,355
Forschungsstätte der Evangelischen Studiengemeinschaft,facility,355
Niedersächsisches Landesgesundheitsamt,government,355
Bundesanstalt für Wasserbau,government,355
Nova Institut,facility,355
Asklepios Klinik Langen,healthcare,354
Federal Agency for Nature Conservation,government,354
B. Braun (Germany),funder,354
Gemeinschaftskrankenhaus Havelhöhe,healthcare,354
SRH Hochschule Heidelberg,education,353
Klinik Schillerhöhe,healthcare,352
Hamburg University of Music and Drama,education,351
Institute for Interdisciplinary Medicine,healthcare,351
Schmalkalden University of Applied Sciences,education,351
Gemeinschaftskrankenhaus Herdecke,healthcare,350
"Bundesministerium für Forschung, Technologie und Raumfahrt",government,350
Kernkraftwerk Gundremmingen,other,349
Max Planck Institute of Animal Behavior,facility,349
Mammazentrum Hamburg,healthcare,349
BRIQ Institute on Behavior and Inequality,education,348
Leibniz Institute for Regional Geography,facility,348
Leibniz-Centre for Contemporary History,facility,348
Institut für Psychogerontologie,facility,346
DRK-Blutspendedienst Baden-Württemberg - Hessen,healthcare,346
Halbleiterlabor of the Max-Planck-Society,facility,345
Vogtland-Klinik,healthcare,345
Mitsui Chemicals (Germany),company,345
Technische Informationsbibliothek (TIB),archive,344
GlaxoSmithKline (Germany),company,343
Rosa Luxemburg Foundation,other,343
Fachkrankenhaus Kloster Grafschaft,healthcare,343
Herzog August Library,archive,343
Symrise (Germany),funder,342
Fuchs (Germany),company,342
Verband der Privaten Krankenversicherung,other,342
Alexander von Humboldt Institute for Internet and Society,other,341
Klinikum Rheine,healthcare,341
Institut für Sozialforschung und Sozialwirtschaft,facility,341
Federal Centre for Health Education,government,339
Amadeu Antonio Foundation,nonprofit,339
Südharz Klinikum,healthcare,338
Max Planck Research Unit for Enzymology of Protein Folding,facility,338
Ihre-Radiologen,other,338
Becker Technologies (Germany),company,337
Israelitisches Krankenhaus,healthcare,337
German Central Institute for Social Issues,nonprofit,336
Asklepios Fachklinikum Brandenburg,healthcare,335
"Katholisches Klinikum Lünen/Werne , St.-Marien-Hospital Lünen",healthcare,335
Fraunhofer Institute for Applied and Integrated Security,facility,334
Hochschule für Telekommunikation Leipzig,education,334
Mahle (Germany),company,334
HEAD Acoustics (Germany),company,333
Psychologische Hochschule Berlin,education,333
Diabetes-Akademie,nonprofit,333
Diakonie-Klinikum Stuttgart,healthcare,333
Institute of Marine Biotechnology,facility,333
Thüringer Universitäts- und Landesbibliothek,archive,333
Institute for Integrative and Experimental Genomics,facility,331
Qiagen (Germany),company,331
SRH University Berlin,education,331
Heidelberg Institute for Stem Cell Technology and Experimental Medicine,nonprofit,330
Forschungsinstitut der Diabetes Akademie Mergentheim,healthcare,330
Union zur Förderung von Oel- und Proteinpflanzen e.V.,other,330
IPPMed (Germany),company,330
State Museum of Natural History Karlsruhe,archive,330
Fraunhofer Institute for Silicon Technology,facility,330
Gesellschaft für Klinische Forschung,other,329
Kurt-Schwabe-Institut für Mess- und Sensortechnik Meinsberg,facility,328
Adelwitz Technologiezentrum (Germany),company,328
Hospital zum Heiligen Geist,healthcare,327
Regierungspräsidium Stuttgart,government,327
Max Planck Digital Library,archive,327
Senatsverwaltung für Stadtentwicklung und Wohnen,government,326
Ericsson (Germany),company,326
Federal Institute for Vocational Education and Training,facility,326
Landeszentrum Gesundheit Nordrhein-Westfalen,government,325
Schmid (Germany),company,325
Fraunhofer Institute for Software and Systems Engineering,facility,325
Federal Institute for Health Protection of Consumers and Veterinary Medicine,government,324
Fraunhofer Center for Silicon Photovoltaics,facility,324
Institut für angewandte Photonik,facility,324
Evangelisches Diakoniekrankenhaus,healthcare,322
Klinik Niederrhein,healthcare,320
Centre for Structural Systems Biology,facility,320
DIAKO,healthcare,320
St. Josefskrankenhaus Freiburg,healthcare,320
Medigene (Germany),company,320
Institut für das Bauen mit Kunststoffen,nonprofit,319
Terumo (Germany),company,318
Bürgerhospital Frankfurt am Main,healthcare,318
Leibniz Institute for Resilience Research,facility,318
Forschungsgesellschaft Kraftfahrwesen Aachen (Germany),company,316
University of Art and Design Offenbach,education,315
"Sächsisches Landesamt für Umwelt, Landwirtschaft und Geologie",government,314
Menlo Systems (Germany),company,314
Weber and Weber (Germany),company,313
NEC (Germany),company,313
Klinik Bad Oexen,healthcare,312
Institute of Clinical Cancer Research,facility,312
Federal Maritime and Hydrographic Agency of Germany,government,311
European Patent Organisation,other,311
"Landesamt für Natur, Umwelt und Verbraucherschutz Nordrhein-Westfalen",government,311
Klinikum Passau,healthcare,311
Eurofins (Germany),company,311
Helios Park-Klinikum Leipzig,healthcare,308
Berlin State Library,archive,308
German Marine Research Consortium,other,308
Herford Hospital,healthcare,307
Theologische Fakultät Fulda,education,307
Forschungsinstitut Havelhöhe,nonprofit,307
Evotec (Germany),company,307
ZBW – Leibniz-Informationszentrum Wirtschaft,facility,307
Federal Ministry of Finance,government,305
German Centre for Higher Education Research and Science Studies,government,304
Friedrich Miescher Laboratory,nonprofit,304
University and Rehabilitation Clinics Ulm,healthcare,303
Jungheinrich (Germany),company,302
BP (Germany),company,301
German Research Institute for Public Administration,facility,301
Beilstein-Institut,nonprofit,301
Criminological Research Institute of Lower Saxony,facility,301
Individual Development and Adaptive Education,facility,301
Pathodiagnostik Berlin,facility,300
Institut für Sozialwissenschaftliche Forschung,nonprofit,300
John Deere (Germany),company,299
ILS – Research Institute for Regional and Urban Development,nonprofit,299
Friedrich-Ebert-Krankenhaus,healthcare,299
Techniker Krankenkasse (Germany),company,298
Verein für Umweltmanagement und Nachhaltigkeit in Finanzinstituten,other,298
Materials Science International Services (Germany),company,297
Right Way (Germany),company,297
St. Marien-Hospital Bonn,healthcare,297
Gemeinschaftsklinikum Mittelrhein,healthcare,297
Klinik Bavaria,healthcare,296
Berufsverband Niedergelassener Gynäkologischer Onkologen,other,296
Kreiskrankenhaus Dormagen,healthcare,295
Leibniz ScienceCampus Primate Cognition,facility,294
Huawei German Research Center,facility,294
Sasol (Germany),company,293
Zentrum für Pathologie und Zytodiagnostik,other,292
Deutsche Gesellschaft für Information und Wissen,other,292
Evangelisches Krankenhaus Oberhausen,healthcare,292
IWW Water Centre,facility,292
Institute for Peace Research and Security Policy,facility,292
Else Kröner-Fresenius-Stiftung,nonprofit,292
Mahlo (Germany),company,291
European Media Laboratory (Germany),company,291
Park-Klinik Weißensee,healthcare,291
Sartorius (Germany),company,290
"Fraunhofer Institute for Organic Electronics, Electron Beam and Plasma Technology",facility,290
Jüdisches Krankenhaus Berlin,healthcare,290
Dialog Semiconductor (Germany),company,290
Catholic University of Applied Sciences,education,289
Institute for Advanced Study in the Humanities Essen,facility,289
"Bundesministerium für Umwelt, Naturschutz, nukleare Sicherheit und Verbraucherschutz",government,288
SpaceTech (Germany),company,288
AstraZeneca (Germany),company,288
University of Education Schwaebisch Gmuend,education,288
Allensbach Institute,facility,288
Federal Office for Food and Agriculture,government,288
Landesforschungsanstalt für Landwirtschaft und Fischerei Mecklenburg-Vorpommern,government,288
GKV Spitzenverband,other,287
Institute for Frontier Areas of Psychology and Mental Health,facility,286
Helios Klinik Hagen Ambrock,healthcare,285
Atotech (Germany),company,285
Amedes MVZ Hamburg,other,285
Institute for New Media,other,285
Kliniken des Landkreises Lörrach,healthcare,284
Hertie Foundation,nonprofit,284
Fraunhofer Institute for Cognitive Systems,facility,284
Entwicklungszentrum für Schiffstechnik und Transportsysteme,facility,284
Institute for Advanced Study,nonprofit,284
Deutsche Gesellschaft für Urologie,other,283
Senckenberg German Entomological Institute,facility,282
Evangelisches Krankenhaus Kalk,healthcare,281
Prosper Hospital,healthcare,281
Berufsverband der Frauenärzte,other,281
Groundwater Center,nonprofit,281
Nordakademie,education,281
Sigmund Freud Institut,other,281
Max Planck Institute for Biology,facility,280
Leoni (Germany),company,280
Francis Hospital,healthcare,280
Federal University of Applied Administrative Sciences,education,279
Atlas Copco (Germany),company,278
German Research School for Simulation Sciences,education,278
Universitäts HNO Klinik Mannheim,healthcare,278
Invent (Germany),company,278
Institute for Ecological Economy Research,facility,278
Diabeteszentrum Bad Lauterberg,healthcare,278
Vitos,healthcare,277
Zentrum für Pränataldiagnostik,healthcare,277
Akademie für Gesundheitsberufe,education,277
Institut Für Angewandte Kulturforschung,nonprofit,276
Microsoft (Germany),company,276
National Research Center for Applied Cybersecurity ATHENE,facility,275
German National Bone Marrow Donor Registry,nonprofit,275
Deutsches Textilforschungszentrum Nord-West,facility,274
Forschungszentrum Energiespeichertechnologien,facility,274
Fraunhofer Institute for Mechatronic Systems Design,facility,273
Deutscher Beton- und Bautechnik-Verein,nonprofit,273
Einstein Center for Neurosciences Berlin,facility,273
Krankenhaus Agatharied,healthcare,272
Bayerische Landesanstalt für Wald und Forstwirtschaft,facility,272
Cycle (Germany),company,272
Federal Office for Information Security,other,272
Social Neuroscience Lab,facility,270
MS-Schramberg (Germany),company,269
Stiftung Juliusspital,nonprofit,269
Hegau-Bodensee-Klinikum Singen,healthcare,268
Society of Paediatric Oncology and Haematology,nonprofit,267
Knappschaftsklinikum Saar,healthcare,267
Landwirtschaftskammer Niedersachsen,other,267
Hof University of Applied Sciences,education,267
Institute for Labour Law and Industrial Relations in the European Union,facility,267
Walter Eucken Institut,facility,267
InfoConsult (Germany),company,266
Krankenhaus Lindenbrunn,healthcare,266
Institut für Bodenkultur und Pflanzenbau,nonprofit,264
Research Centre of Medical Technology and Biotechnology,healthcare,264
International School of Management,education,261
Remote Sensing Solutions (Germany),company,260
Chondrometrics (Germany),company,260
German Respiratory Society,nonprofit,260
Institut für Mikroelektronik- und Mechatronik-Systeme,facility,260
Energie Baden-Württemberg (Germany),company,260
KWS Saat (Germany),company,259
University of Applied Sciences FHDW Hannover,education,259
Deutsches Beratungszentrum für Hygiene,other,258
Kunststoff-Institut Lüdenscheid,nonprofit,257
Federal Institute for Population Research,government,257
Hauri (Germany),company,256
Deutsche Gesellschaft für Hämatologie und Medizinische Onkologie,other,256
"Landesamt für Landwirtschaft, Umwelt und ländliche Räume",government,256
Leibniz Institute for Educational Trajectories,funder,256
Diabetesinstitut Heidelberg,facility,255
Agaplesion Bethanien Krankenhaus,healthcare,255
Cardio-Pulmonary Institute,funder,255
Institut für Polymerwerkstoffe,facility,253
Gerresheimer (Germany),company,253
CeGaT (Germany),company,253
Feuerwehr Dortmund,government,253
Stadtkrankenhaus Schwabach,healthcare,252
Institute for Therapy and Health Research,nonprofit,251
Max Planck Unit for Structural Molecular Biology,facility,250
MSD (Germany),company,250
Advanced Mask Technology Center (Germany),company,250
MVZ - Kurfürstendamm,healthcare,250
Landesinstitut für Lehrerbildung und Schulentwicklung,education,250
Festo (Germany),company,249
Internationale Akademie Berlin,nonprofit,249
InLeaVe,other,248
Toptica Photonics (Germany),company,248
Institute for Food and Environmental Research,facility,248
Agaplesion Bethesda Klinik,healthcare,248
Helmholtz Institute for Functional Marine Biodiversity,facility,248
Sana Kliniken Duisburg,healthcare,248
Maria Hilf Krankenhaus,healthcare,247
Verwaltungs-Berufsgenossenschaft,other,247
Die Johanniter,nonprofit,247
Vinzenz Pallotti University,education,246
Climate Analytics,nonprofit,246
RAG Aktiengesellschaft (Germany),company,244
TÜV Rheinland (Germany),company,244
Clinical Research Center for Hair and Skin Science,facility,244
Dräger (Germany),company,243
Refonet,nonprofit,243
Krankenhaus Salem,healthcare,243
Medizinisch Wissenschaftliche Verlagsgesellschaft (Germany),company,243
Schweißtechnische Lehr- und Versuchsanstalt,facility,243
Institut für Sozialarbeit und Sozialpädagogik,nonprofit,242
Agaplesion Frankfurter Diakonie Kliniken,healthcare,242
German Insurance Association,other,242
Goethe Institut,nonprofit,242
Institut Kurz,facility,242
Praxis für Humangenetik Tübingen,facility,242
Global Climate Forum,nonprofit,242
Fraunhofer Institute for Energy Economics and Energy System Technology,facility,241
Katholisches Klinikum Koblenz,healthcare,241
Altana (Germany),company,241
Dr. August Wolff (Germany),company,240
Schlaich Bergermann und Partner (Germany),company,240
Procter & Gamble (Germany),company,239
Stahl-Zentrum (Germany),company,239
Klinikum Würzburg Mitte,healthcare,239
Waldkrankenhaus Rudolf Elle,healthcare,239
Wehrwissenschaftliche Institut für Schutztechnologien,facility,239
German Institute of Food Technologies,facility,238
Carl Gustav Carus-Institut,facility,238
Ansbach University of Applied Sciences,education,238
Deutsches Institut für Bautechnik (Germany),company,238
JenLab (Germany),company,238
University of Applied Management,education,238
Krankenhaus Märkisch-Oderland,healthcare,238
Federal Ministry of Health,government,237
LVR-Klinik für Orthopädie Viersen,healthcare,237
PE International (Germany),company,237
Robert Bosch Stiftung,nonprofit,237
Chemisches und Veterinäruntersuchungsamt Stuttgart,facility,237
Neurologisches Fachkrankenhaus für Bewegungsstörungen/Parkinson,healthcare,237
Leibniz-Zentrum für Literatur- und Kulturforschung,facility,237
Umicore (Germany),company,237
Physiotherapie und Lauftherapie Zentrum,healthcare,237
Siempelkamp (Germany),company,236
Deutsche Gesetzliche Unfallversicherung,other,236
Hochschule für Gesundheit - University of Applied Sciences,education,236
"Gesellschaft zur Förderung von Medizin-, Bio- und Umwelttechnologien",nonprofit,236
Institut für Hämatopathologie Hamburg,healthcare,236
Faurecia (Germany),education,235
IDEXX Laboratories (Germany),company,235
Christoffel Blinden Mission,nonprofit,235
Myriad (Germany),company,233
Augusta Krankenhaus,healthcare,232
Zentrum für Psychiatrie Emmendingen,healthcare,232
Alanus University of Arts and Social Sciences,education,232
Independent Centre for Privacy Protection,facility,231
Migräne Klinik Königstein,healthcare,231
ARCUS Sports Clinic,healthcare,231
Klinik für Herzchirurgie Karlsruhe,healthcare,231
Katholisches Klinikum Bochum,healthcare,230
Apple (Germany),company,230
Cnopf´sche Kinderklinik,healthcare,230
Scientific Research and Development (Germany),company,230
McKinsey & Company (Germany),company,229
Bernstein Center for Computational Neuroscience Munich,government,229
Kayser Automotive (Germany),company,229
Hexal (Germany),funder,228
MBDA (Germany),company,228
Fraunhofer Institute for Translational Medicine and Pharmacology,facility,227
CeramTec (Germany),company,227
Fachkrankenhaus Hubertusburg,healthcare,227
Hans-Bredow-Institute,nonprofit,227
Institute for Bee Research,facility,227
Baxter (Germany),company,227
Klinikum Altenburger Land,healthcare,226
Francke Foundations,archive,225
KUKA (Germany),company,225
Infektionsmedizinisches Centrum Hamburg,facility,225
Leibniz Institute for Educational Media | Georg Eckert Institute,facility,225
RoMed Kliniken,healthcare,225
Technologie- und Förderzentrum im Kompetenzzentrum für Nachwachsende Rohstoffe,facility,224
Parmenides Foundation,education,224
German Police University,education,224
"Hessian Agency for Nature Conservation, Environment and Geology",government,224
Krankenhaus St. Joseph-Stift Bremen,healthcare,224
Rational (Germany),company,224
Fraunhofer Institute for Technological Trend Analysis,facility,224
Gesellschaft zur Förderung angewandter Informatik,nonprofit,223
Forschungsinstitut für Mineralische und Metallische Werkstoffe Edelsteine/Edemetalle,company,223
GWT-TUD (Germany),company,223
Institut für biologische Forschung,facility,223
Waldkrankenhaus Protestant Hospital,healthcare,222
Institute for Bioprocessing and Analytical Measurement Techniques,facility,222
International Solar Energy Research Center Konstanz,nonprofit,222
SRH Hochschule für Gesundheit Gera,education,221
VDI/VDE Innovation + Technik,nonprofit,221
Institut für Unternehmenskybernetik,facility,220
BioNTech (Germany),company,220
Behandlungszentrum Aschau,healthcare,219
Hewlett-Packard (Germany),company,219
Sophien-und Hufeland Klinikum,healthcare,219
BDH-Klinik Hessisch Oldendorf,healthcare,219
Institut für Hochschulforschung,facility,219
Klinik Preetz,healthcare,219
Marienkrankenhaus Kassel,healthcare,219
Bauhaus Luftfahrt,company,218
General Electric (Germany),company,218
Probiodrug (Germany),company,218
Vistec Electron Beam (Germany),company,217
Acatech,education,217
Institut für Biotechnologie und Wirkstoff-Forschung,nonprofit,217
Klinikum Wilhelmshaven,healthcare,217
Fraunhofer Research Institution for Microsystems and Solid State Technologies,facility,216
Roland Ernst Stiftung,nonprofit,215
Landesbetrieb Landwirtschaft Hessen,other,215
Bausch Health (Germany),company,215
PicoQuant (Germany),company,214
Institut für Energie- und Umweltforschung Heidelberg,facility,214
Staatliches Naturhistorisches Museum,archive,214
Klinikverbund Südwest,healthcare,214
Zentrum für Qualität in der Pflege,nonprofit,213
Institut für Nichtklassische Chemie,facility,213
Deutsche Schmerzgesellschaft,other,212
Association of the Scientific Medical Societies,other,212
German Organ Transplantation Foundation,nonprofit,212
University of Applied Sciences Europe,education,212
Centogene (Germany),company,211
Catholic University of Applied Sciences Freiburg,education,211
Institute of Air Handling and Refrigeration,facility,211
Deutsche Gesellschaft für Gefäßchirurgie und Gefäßmedizin,other,211
CiS Research Institute for Micro Sensors and Photovoltaics,nonprofit,209
Innolume (Germany),company,209
Klinik Lüneburger Heide,healthcare,209
Stiftung Schleswig-Holsteinische Landesmuseen,archive,209
Marienhospital Gelsenkirchen,healthcare,209
Vertically Integrated Systems (Germany),company,208
Institut für Mittelstandsforschung,other,208
German United Services Trade Union,other,208
German Council on Foreign Relations,nonprofit,208
Institut für Umformtechnik (Germany),company,208
Dermatologie Freiburg,healthcare,208
Gemeinsamer Bundesausschuss,government,207
German Institute of Rubber Technology,facility,207
E.ON (Germany),company,207
Institute of Energy Economics at the University of Cologne,facility,206
Nanion (Germany),company,206
Kao Corporation (Germany),company,205
PTV Group (Germany),company,205
Göttingen Academy of Sciences and Humanities,funder,205
LVR-Klinik Bonn,healthcare,205
Technische Hochschule Georg Agricola,education,205
Witzenhausen-Institut (Germany),company,205
Evangelisches Krankenhaus Hamm,healthcare,204
Klinikum Itzehoe,healthcare,204
"Fraunhofer Institute for Casting, Composite and Processing Technology IGCV",facility,204
Frankfurt Zoological Society,funder,203
Institute of Textile Technology and Process Engineering,facility,203
Trimble (Germany),company,203
"Fraunhofer Institute for Integrated Circuits IIS, Division Engineering of Adaptive Systems EAS",facility,203
Polytec (Germany),funder,203
University of Music Detmold,education,203
Krankenhaus Porz am Rhein,healthcare,203
Berufsverband der Deutschen Dermatologen,other,202
InfectoGnostics Research Campus Jena,facility,202
Berlin Centre of Competence for Water,nonprofit,202
Asklepios Klinik Weißenfels,healthcare,201
Atrial Fibrillation NETwork,nonprofit,201
Malteser Krankenhaus St. Anna,healthcare,200
Franziskus-Krankenhaus Berlin,healthcare,200
Luye Pharma (Germany),company,199
Hessisches Landesmuseum Darmstadt,archive,199
Hamburg Institute for Social Research,other,198
Huf Hülsbeck & Fürst (Germany),company,198
Protestant University of Applied Sciences Rhineland-Westphalia-Lippe,education,198
Maurer (Germany),company,198
Voith (Germany),company,198
Zentralinstitut für die Kassenärztliche Versorgung in der Bundesrepublik Deutschland,facility,198
Institut für Notfallmedizin Allgäu,nonprofit,197
G.E.O.S. Ingenieurgesellschaft (Germany),company,197
Post Apotheke,other,197
Blindeninstitutsstiftung,nonprofit,197
Institut Für Prozeßadaptive und Erfahrungsgeleitete Automatisierung (Germany),company,197
Novo Nordisk (Germany),company,197
Curt Engelhorn Centre Archaeometry,facility,197
Lutheran University of Applied Sciences Nuremberg,education,196
Hannoversche Kinderheilanstalt,nonprofit,196
"Deutsche Gesellschaft für Psychoanalyse, Psychotherapie, Psychosomatik und Tiefenpsychologie",other,196
Institute for Social-Ecological Research,nonprofit,196
Fiat Chrysler Automobiles (Germany),company,195
St.-Antonius-Hospital Gronau,healthcare,195
Josef Meissner (Germany),company,195
VPIphotonics (Germany),company,194
Deutschen Institute für Textil und Faserforschung,facility,194
Zentrum für Militärgeschichte und Sozialwissenschaften der Bundeswehr,facility,193
Lionex (Germany),company,193
Noxxon Pharma (Germany),company,193
Bundesverband Glaukom-Selbsthilfe,other,192
Fachhochschule der Wirtschaft,education,192
Toyoda Gosei (Germany),company,192
Global Public Policy Institute,nonprofit,192
Landwirtschaftlichen Zentrums Baden-Württemberg​,other,192
German Graduate School of Management and Law,education,192
"Landesamt für Bergbau, Energie und Geologie",government,191
International University in Germany,education,191
S&F Systemtechnik (Germany),company,191
Respiratory Research Institute,facility,191
Faktor 10 – Institut für nachhaltiges Wirtschaften gemeinnützige,other,190
Asklepios Kliniken Schildautal,healthcare,190
Karl und Veronica Carstens-Stiftung,nonprofit,189
European Astronaut Centre,other,189
Institute for Gerontological Research,facility,189
Hochschule für Musik Freiburg,education,189
Magma (Germany),company,188
Deutsche Montan Technologie (Germany),company,188
Forschungsinstitut für Edelmetalle und Metallchemie,facility,188
Institut für Holztechnologie Dresden,facility,188
Salzgitter Group (Germany),company,187
Gesellschaft für Elektrometallurgie (Germany),company,187
Nanoplus (Germany),company,187
Harman (Germany),company,187
Geologischer Dienst Nordrhein-Westfalen (Germany),company,186
Landesbank Baden-Württemberg,other,186
Takeda (Germany),company,186
Institute for Diabetes Gerhardt Katsch,facility,186
Institute for Telematics,facility,186
Research Institute Bioactive Polymer Systems,facility,186
Singulus (Germany),company,186
Micro Resist Technology (Germany),company,185
European University of Applied Sciences,education,185
Mannesmann Demag (Germany),company,185
Knorr-Bremse (Germany),company,185
Deutsche Rheuma-Liga,other,185
Bard College Berlin,education,185
EdgeWave (Germany),company,185
Emschergenossenschaft,government,185
Diehl (Germany),company,185
Medizin Campus Bodensee,healthcare,184
Luisenkrankenhaus,healthcare,184
Rottenburg University of Applied Forest Sciences,education,184
Institut für Palliative Care,healthcare,183
Evangelische Hochschule Berlin,education,183
Prof. Hess Kinderklinik,healthcare,183
Plansee (Germany),company,183
Kraftanlagen (Germany),company,182
Deutsche Knochenmarkspenderdatei,nonprofit,182
Landesuntersuchungsamt Rheinland-Pfalz,government,182
HELIOS St. Elisabeth Klinik Oberhausen,healthcare,182
Dornier (Germany),company,182
Institut für Regionale Innovation und Sozialforschung,facility,182
Covance (Germany),company,182
Alere (Germany),company,182
Kassenärztliche Vereinigung Baden-Württemberg,other,182
KfH Kuratorium für Dialyse und Nierentransplantation,healthcare,182
Arvato,company,181
RLP AgroScience (Germany),company,181
Institute of Empirical Health Economics,education,180
Parkinson-Klinik Ortenau,healthcare,180
Kreiskrankenhaus Gummersbach,company,180
Krankenhaus der Augustinerinnen,healthcare,180
Jena Bioscience (Germany),company,179
Mitsubishi Chemical (Germany),company,179
BQS Institut für Qualität und Patientensicherheit (Germany),company,179
"Ministry for Environment, Agriculture, Conservation and Consumer Protection",government,179
empirica - Communication and Technology Research,facility,178
Aptiv (Germany),company,178
Brüderkrankenhaus St. Josef Paderborn,healthcare,178
LOEWE Centre for Translational Biodiversity Genomics,facility,178
Diabetes-Zentrum Quakenbrück,healthcare,178
Eberspächer (Germany),company,178
Bavarian Natural History Collections,facility,177
H.C. Starck (Germany),company,177
Protestant University of Applied Sciences Freiburg,education,176
Thuringian Institute of Textile and Plastics Research,facility,176
Arbeitsgemeinschaft Urologische Onkologie,healthcare,175
Coriant (Germany),company,175
Stiftung Oskar Helene Heim,nonprofit,175
Mann+Hummel (Germany),company,174
Vertilas (Germany),company,174
Institute for Information Management Bremen,nonprofit,174
Reproduktionsmedizin München,healthcare,174
Oxford Instruments (Germany),company,174
Gesellschaft fuer Wirtschaftliche Strukturforschung,other,174
Evangelische Hochschule Darmstadt,education,173
Federal Union of German Associations of Pharmacists,other,172
Thüringer Landesanstalt für Landwirtschaft,government,172
"Landesamt für Umwelt, Naturschutz und Geologie",government,172
WEK Tierarzt,healthcare,172
Institute for Integrated Management of Material Fluxes and of Resources,education,172
Spiegel Institut (Germany),company,171
Klinikum Westfalen (Germany),company,171
Bavarian State Library,archive,171
Tesat-Spacecom (Germany),company,171
Deutsches Bergbau-Museum Bochum,funder,171
Helmholtz Institute for RNA-based Infection Research,facility,171
Berlin Center for Epidemiology and Health Research,facility,170
Dillinger Hütte (Germany),company,170
German Agency for Quality in Medicine,nonprofit,170
Landesarchiv,archive,170
Lead Discovery Center (Germany),company,169
Biotronik (Germany),funder,169
Federation of German Industries,other,169
St. Elisabethen-Krankenhaus Frankfurt,healthcare,169
Fraunhofer Institute for Large Structures in Production Engineering IGP,facility,169
Universitäts-Frauenklinik des Saarlandes,healthcare,168
Ostalb-Klinikum Aalen,healthcare,168
SLUB Dresden,funder,168
Bavarian Nordic (Germany),company,168
Institute for Biomedical and Pharmaceutical Research,facility,168
Weizenbaum Institute,facility,168
Moritz Klinik,healthcare,167
TCM-Klinik Bad Kötzting,healthcare,167
User Interface Design (Germany),company,167
AIM Infrarot-Module (Germany),company,167
Institut für Seeverkehrswirtschaft und Logistik,nonprofit,167
Solvay (Germany),company,166
cts CaritasKlinikum Saarbrücken,healthcare,166
Sylvia Lawry Centre for Multiple Sclerosis Research,facility,166
Federal Ministry of Justice and Consumer Protection,government,166
Malteser Waldkrankenhaus Erlangen,healthcare,165
Filmuniversität Babelsberg KONRAD WOLF,education,165
Leibniz Institute for Jewish History and Culture – Simon Dubnow,other,164
Rosenberger (Germany),company,164
Krankenhaus Waldfriede,healthcare,164
gec-co Global Engineering & Consulting (Germany),company,163
Academy of Sciences and Literature,funder,163
Iomedico (Germany),company,162
Infrafrontier,nonprofit,162
Facility for Antiproton and Ion Research,facility,161
Institut für Angewandte Gewässerökologie (Germany),company,161
Bionorica (Germany),company,161
Freiberger Compound Materials (Germany),company,161
United Monolithic Semiconductors (Germany),company,161
Industrieanlagen Betriebsgesellschaft (Germany),company,161
Ibero-American Institute,facility,160
Berliner Wasserbetriebe (Germany),company,160
Fraunhofer Research Institution for Individualized and Cell-Based Medical Engineering,nonprofit,160
Research Institute for Philosophy Hannover,funder,159
Centre for Individualised Infection Medicine,facility,159
Würth Elektronik (Germany),company,159
Volkswagen Foundation,nonprofit,159
Paul Gerhardt Diakonie,healthcare,159
Institut fuer Integrierte Produktion Hannover (Germany),company,159
Löwenstein Medical (Germany),company,158
Thieme Medical Publishers (Germany),company,158
German Society for Thoracic and Cardiovascular Surgery,other,158
Hermes Arzneimittel (Germany),company,158
Klinik Roderbirke,healthcare,158
Pathologie Hamburg-West,healthcare,157
Wala Heilmittel (Germany),company,156
Brainlab (Germany),company,156
IMU Institut (Germany),company,156
Zentrum Überleben,nonprofit,156
HNO-Praxis,healthcare,155
West Coast University of Applied Sciences,education,155
Landesanstalt für Umwelt Baden-Württemberg,facility,155
Leibniz Institute for Psychology,facility,155
Augenstern,facility,155
MRB Research Center for Magnetic Resonance Bavaria,facility,155
Prussian Cultural Heritage Foundation,archive,155
Forstliche Versuchs- und Forschungsanstalt Baden-Württemberg,facility,155
Grönemeyer Institute for MicroTherapy,healthcare,154
Ulrich Medical (Germany),funder,154
Vacuumschmelze (Germany),company,154
Air Products (Germany),company,154
GP Forschungsgruppe,nonprofit,154
The Hydrogen and Fuel Cell Center,facility,154
German Academic Exchange Service,nonprofit,153
Coherent (Germany),company,153
Institut für Bauforschung,facility,153
Lanxess (Germany),funder,153
Berlin Center for Genomics in Biodiversity Research,facility,153
Giesecke and Devrient (Germany),company,153
Bavarian Research Alliance,nonprofit,153
SENTECH Instruments (Germany),company,153
Acura Kliniken,healthcare,152
Johnson & Johnson (Germany),company,152
Asklepios Fachklinikum Tiefenbrunn,healthcare,152
Institut für Korrosionsschutz Dresden,nonprofit,152
Sankt Georgen Graduate School of Philosophy and Theology,education,151
K+S (Germany),company,151
DAK-Gesundheit (Germany),funder,151
Institute of Textile Chemistry and Chemical Fibers,facility,151
George C. Marshall European Center for Security Studies,government,151
Accenture (Germany),company,150
Katholische Stiftungshochschule München,education,150
Hamburgische Schiffbau-Versuchsanstalt (Germany),company,150
Gesundheitszentrum Bitterfeld,healthcare,150
Hochrhein Institut für Rehabilitationsforschung,facility,149
Rems-Murr-Klinikum,healthcare,149
GenXPro (Germany),company,148
RFH - University of Applied Sciences Cologne,education,148
Immundiagnostik (Germany),company,148
Müller BBM (Germany),company,148
HELIOS Albert-Schweitzer-Klinik Northeim,healthcare,148
Klinikum am Weissenhof,healthcare,148
VDEh-Betriebsforschungsinstitut,facility,148
Klinik Bad Bergzabern,healthcare,148
Landesinstitut für Arbeitsgestaltung des Landes Nordrhein-Westfalen,other,148
Etas (Germany),company,147
Lohmann Tierzucht (Germany),company,147
Forschungszentrum Küste,facility,147
Deutsche Diabetes Stiftung,nonprofit,147
Ecofys (Germany),company,147
Ansys (Germany),company,147
Zentrum für Foren in der Grafischen Datenverarbeitung,nonprofit,147
Hochschule für Polizei und Öffentliche Verwaltung Nordrhein-Westfalen,education,147
Wieland (Germany),company,146
Lower Saxony Institute for Historical Coastal Research,facility,146
Institut für Automatisierung und Informatik,facility,146
Arbeitsgemeinschaft Gynäkologische Onkologie Studiengruppe,nonprofit,146
Forschungsinstitut für Anwendungsorientierte Wissensverarbeitung,nonprofit,145
"Federal Office of Bundeswehr Equipment, Information Technology and In-Service Support",government,145
Hitachi (Germany),company,145
Schön Klinik Nürnberg Fürth,healthcare,145
Evangelische Kliniken Gelsenkirchen,healthcare,145
Enercon (Germany),company,145
TÜV SÜD (Germany),company,145
University of Maryland University College Europe,education,145
Institut für Forensische Genetik,facility,144
Synopsys (Germany),company,144
Institute for ImplantTechnology and Biomaterials,facility,144
Dr Falk Pharma (Germany),funder,144
TIB Molbiol (Germany),company,144
Alfried Krupp von Bohlen und Halbach Foundation,nonprofit,144
Target (Germany),company,144
Süddeutsches Kunststoff-Zentrum (Germany),company,143
Laserklinik Karlsruhe,healthcare,143
Medicover,healthcare,143
Kreisklinik Trostberg,healthcare,143
Federal Ministry for Economic Affairs and Climate Action,government,143
LaVision (Germany),company,143
Covestro (Germany),funder,143
German Society of Sport Science,nonprofit,142
Landesamt für Denkmalpflege Hessen,other,142
Reiner Lemoine Institute,nonprofit,142
SmartFactory (Germany),company,142
Klinik Blankenstein,healthcare,141
Deutsche Flugsicherung (Germany),company,141
Landeswasserversorgung (Germany),company,141
Evangelische Hochschule Dresden,education,141
Hydroisotop (Germany),company,140
Immatics Biotechnologies (Germany),company,140
Microchip Technology (Germany),company,140
Stadtwerke Dinslaken (Germany),company,140
"Landesamt für Geologie, Rohstoffe und Bergbau",government,140
Analyze & Realize (Germany),company,139
Ionic Liquids Technologies (Germany),company,139
Schaper & Brümmer (Germany),company,139
Kinderklinik Regensburg,healthcare,138
State Education and Research Institute for Viticulture and Pomology Weinsberg,facility,138
Messer (Germany),company,138
Fraunhofer Institute for Transportation and Infrastructure Systems,facility,138
Nexans (Germany),company,138
Catholic University of Applied Social Sciences,education,137
IDT Biologika (Germany),company,137
Jenoptik (Germany),company,137
Bezirkskrankenhaus Augsburg,healthcare,136
Institut für Umwelttechnologien (Germany),company,136
RENA Technologies (Germany),company,136
Deutsche Gesellschaft für Muskelkranke,nonprofit,136
DB Engineering & Consulting (Germany),company,135
Forschungsinstitut für biologischen Landbau,facility,134
"Institute for German, European and International Medical Law, Public Health Law and Bioethics",facility,134
BICC - Bonn International Centre for Conflict Studies,facility,134
Fraunhofer Research Institution for Materials Recycling and Resource Strategies IWKS,facility,134
Ruhrverband (Germany),company,134
Radiometer (Germany),company,134
Max Planck Research Unit for Neurogenetics,facility,134
University of Applied Labour Studies of the Federal Employment Agency,education,133
Biochemisches Institut für Umweltcarcinogene,nonprofit,133
Ärztliche Gesellschaft zur Gesundheitsförderung e.V,nonprofit,133
Fraunhofer Center for International Management and Knowledge Economy,facility,133
Evangelisches Krankenhaus Mettmann,healthcare,133
Wacker Group (Germany),company,132
3M (Germany),company,132
Fichtner (Germany),company,132
Pharmalog (Germany),healthcare,132
Telefonica (Germany),company,132
BUND Naturschutz,other,132
St. Josefs-Hospital Cloppenburg,healthcare,131
Saxon State Ministry for Science and the Arts,government,131
Evangelisches Krankenhaus Bethesda,healthcare,131
European Centre for Minority Issues,nonprofit,131
Südzucker (Germany),company,131
Charles River Laboratories (Germany),company,131
DILAS (Germany),company,131
Olympus (Germany),company,131
Diagnostic and Treatment Centre Berlin,healthcare,131
R-Biopharm (Germany),company,131
Verband Deutscher Maschinen- und Anlagenbau,other,131
Blended Solutions,other,130
Laboratory Krone,facility,130
Forschungsinstitut Technologie und Behinderung,other,130
Senvion SE (Germany),company,130
Chemetall (Germany),funder,129
St. Marien- und St. Annastiftskrankenhaus,healthcare,129
Krankenhaus Reinbek - Startseite,healthcare,129
Evangelisches Krankenhaus Bethesda Mönchengladbach,healthcare,129
Thorlabs (Germany),company,129
Deutsches Institut für Urbanistik,facility,128
DATEV (Germany),company,128
ZB MED - Information Centre for Life Sciences,archive,128
Evangelisches Krankenhaus Alsterdorf,healthcare,128
Aeterna Zentaris (Germany),company,128
Institut für Stadtforschung und Strukturpolitik,facility,128
Landesanstalt für Landwirtschaft und Gartenbau,government,128
MVZ Labor Ravensburg,facility,128
General Motors (Germany),company,128
Phenex Pharmaceuticals (Germany),company,127
BioMed X Institute,facility,127
Kerntechnische Entsorgung Karlsruhe (Germany),company,127
Staatliche Akademie der Bildenden Künste Stuttgart,education,127
Vestische Caritas-Kliniken,healthcare,127
Rosenpark Klinik,healthcare,126
Piramal (Germany),company,126
Affimed Therapeutics (Germany),company,126
Asklepios Neurologische Klinik Falkenstein,healthcare,126
Fraunhofer Center for Applied Research on Supply Chain Services,facility,125
Behörde für Schule und Berufsbildung,government,125
Bilfinger (Germany),company,125
GEF Ingenieur (Germany),company,125
Neurologisches Rehabilitationszentrum Quellenhof Bad Wildbad,healthcare,125
Neovii Biotech (Germany),funder,125
Institut für Berufliche Aus- und Fortbildung,nonprofit,125
Verband der Chemischen Industrie,other,125
Collegium Carolinum,other,125
Einstein Center Digital Future,facility,125
Landwirtschaftliches Technologiezentrum Augustenberg,facility,125
DSI Informationstechnik (Germany),company,124
Academy of Media Arts Cologne,education,124
DuPont (Germany),company,124
Würth (Germany),company,124
Spring Techno (Germany),company,124
Bracco (Germany),company,124
TransTissue (Germany),company,124
Bavarian Research Institute for Digital Transformation,facility,124
Institut für Gießereitechnik,facility,124
International Security and Development Center,nonprofit,123
Dresden International University,education,123
BARMER GEK,healthcare,123
Institut für Angewandte Trainingswissenschaft,facility,123
Erbe Elektromedizin (Germany),company,123
CureVac (Germany),company,123
An-Institut für Qualitätssicherung in der operativen Medizin,other,123
Evangelisches Klinikum Köln Weyertal,healthcare,123
Bethlehem Gesundheitszentrum Stolberg,healthcare,122
PFH Private University of Applied Sciences,education,122
Vitos Orthopedic Clinic Kassel,healthcare,122
Biotest (Germany),company,122
Mologen (Germany),company,122
Franziskushospital Aachen,healthcare,122
Protagen (Germany),company,122
Mattson Technology (Germany),company,122
Institut Wohnen und Umwelt,facility,121
Association of German Engineers,other,121
Valeo (Germany),company,121
Brockmann Consult (Germany),company,121
Raphaelsklinik Münster,healthcare,120
Rogers (Germany),company,120
FEG Textiltechnik (Germany),company,120
GALAB Laboratories (Germany),company,120
St. Elisabeth-Krankenhaus Leipzig,healthcare,120
Kantar (Germany),company,120
Ametek (Germany),company,119
AbsInt (Germany),company,119
Würzburg Institute for Traffic Sciences (Germany),company,119
German National Academy of Sciences Leopoldina,other,119
Institute for Economic Education,nonprofit,119
Federal Ministry of Defence,government,119
Bayerisches Landesamt für Denkmalpflege,government,119
SUSS MicroTec (Germany),company,119
Forschungsgemeinschaft Werkzeuge und Werkstoffe,nonprofit,119
Corrected Electron Optical Systems (Germany),company,118
Deutsche Lepra- und Tuberkulosehilfe,nonprofit,118
Baker Hughes (Germany),company,118
Biolog Life Science Institute,company,118
Institut für Zuckerrübenforschung,facility,118
Rachel Carson Center for Environment and Society,funder,118
Medprevent Ottobrunn,healthcare,118
Koenig & Bauer (Germany),company,118
GTT-Technologies (Germany),company,118
Berufsgenossenschaft Rohstoffe und chemische Industrie,other,117
Curculio Institute,education,117
IU International University of Applied Sciences,education,117
Institut für Dünnschichttechnologie und Mikrosensorik,nonprofit,117
University of Applied Sciences for Media Communication and Business,education,117
3D-Micromac (Germany),company,117
Diamed Medizintechnik (Germany),company,116
Biomax Informatics (Germany),company,116
Krankenhaus Jerusalem,healthcare,116
Theologische Fakultät Paderborn,education,116
Total (Germany),company,115
University of Applied Sciences - Public Administration and Finance Ludwigsburg,education,115
Wilhelm Büchner Hochschule,education,115
LuK Lamellen und Kupplungsbau (Germany),company,115
Diakovere,nonprofit,115
Panasonic (Germany),company,115
Luisenhospital Aachen,healthcare,115
Denso (Germany),company,115
TE Connectivity (Germany),company,114
Molecular Microbiology and Genomics Consultants (Germany),company,114
Institute of Science and Ethics,facility,114
Novel (Germany),company,114
George Huntington Institute,healthcare,114
Brooks Automation (Germany),company,114
BSH Hausgeräte (Germany),funder,114
Lower Saxony State Museum,archive,113
PNDetector (Germany),company,113
Translationale Onkologie an der Universitätsmedizin der Johannes Gutenberg-Universität Mainz,nonprofit,113
Inter 3,facility,113
Institut für angewandte Arbeitswissenschaft,facility,113
LightTrans (Germany),company,113
Texas Instruments (Germany),company,113
Waldburg-Zeil Kliniken,healthcare,112
Federal Ministry of Food and Agriculture,government,112
Dr. Brill + Dr. Steinmann (Germany),company,112
Gottfried-Wilhelm-Leibniz-Gesellschaft,facility,112
Biolitec (Germany),company,112
Institut für Rundfunktechnik,facility,112
"Praxisklinik für Orthopädie, Unfall- und Neurochirurgie",healthcare,112
Salus Klinik,healthcare,112
German Inflammatory Bowel Diseases Study Group,other,112
Fachhochschule des Mittelstands,education,112
Ingenium (Germany),company,112
Bernstein Center for Computational Neuroscience Heidelberg-Mannheim,government,111
Klinik und Poliklinik für Augenheilkunde am Universitätsklinikum Carl Gustav Carus,healthcare,111
MedCom,company,111
Rheinmetall (Germany),company,111
Stihl (Germany),company,111
Deutsche Akademie für Kinder- und Jugendmedizin,other,111
ABX-CRO Advanced Pharmaceutical Services (Germany),company,111
SCHWIND eye-tech-solutions (Germany),company,110
Bundeswehr Joint Medical Service,healthcare,110
Federal Ministry of the Interior,government,110
Universitätsklinik für Stereotaktische Neurochirurgie,healthcare,109
BorgWarner (Germany),company,109
European Institute For Research and Strategic Studies In Telecommunications,company,109
Gesellschaft für Fertigungstechnik und Entwicklung,other,109
Klinik für Neuropädiatrie und Muskelerkrankungen,healthcare,109
Atlas Elektronik (Germany),company,109
TWT GmbH Science & Innovation (Germany),company,109
AiCuris (Germany),funder,109
TRW Automotive (Germany),company,108
Holoeye Photonics (Germany),company,108
Digital Equipment (Germany),company,108
Institut für Chemo- und Biosensorik,facility,108
Semikron (Germany),company,108
Sick (Germany),company,108
EBC Hochschule,education,108
Phoenix Contact (Germany),company,107
Neanderthal Museum,archive,107
Fujitsu (Germany),company,107
Haut- und Lasercentrum Potsdam,nonprofit,107
Schwetzingen Technical Institute & Graduate Court Registrars' College,education,107
Park-Klinik Birkenwerder,healthcare,107
German Society of Medical Intensive Care and Emergency Medicine,other,106
Institute for Research Information and Quality Assurance,facility,106
German Cardiac Society,other,106
Dorma (Germany),company,106
Smart Material (Germany),company,106
MBN Research Center,facility,106
Evangelische Hochschule Ludwigsburg,education,106
Neurologisches Rehabilitationszentrum Leipzig,healthcare,106
Günter-Köhler-Institut für Fügetechnik und Werkstoffprüfung,facility,106
EMC Microcollections (Germany),company,105
Forschungsinstitut für Wärmeschutz München,facility,105
Bayerisches Landeskriminalamt,government,105
Generic Assays (Germany),company,105
DNV (Germany),company,105
ArcelorMittal (Germany),company,105
Chemnitzer Werkstoffmechanik GmbH (Germany),company,104
Niedersächsisches Landesamt für Denkmalpflege,government,104
Philip Morris International (Germany),company,104
Munich Security Conference,nonprofit,104
Sächsisches Textilforschungsinstitut,nonprofit,104
Helios Klinik Kipfenberg,healthcare,103
Medac (Germany),funder,103
Leibniz Institute for the History and Culture of Eastern Europe (GWZO),other,103
Climate Risk Analysis (Germany),company,102
Essilor (Germany),company,102
iThera Medical (Germany),company,102
Deutsche Börse (Germany),company,102
"Senatsverwaltung für Gesundheit, Pflege und Gleichstellung",government,102
Inamed,other,102
Life Science Center Düsseldorf (Germany),company,101
Microfluidic ChipShop (Germany),company,100
Landesuntersuchungsanstalt Sachsen,government,100
Deutsche Welle,other,100
Allensbach University,education,100
Cologne University of Music,education,100
Schön Klinik München Schwabing,healthcare,100
Genotype (Germany),company,100
Schunk (Germany),company,100
Beethoven-Haus Bonn,archive,99
Forschungsgemeinschaft für elektrische Anlagen und Stromwirtschaft,facility,99
AOK,healthcare,99
Industrial Solar (Germany),company,99
Herder Institute,facility,99
Kliniken des Bezirks Oberbayern,healthcare,98
Gesellschaft für Materialforschung und Prüfungsanstalt für das Bauwesen (Germany),company,98
Innovationszentrum für Mobilität und Gesellschaftlichen Wandel (Germany),company,98
BDH-Klinik Elzach,healthcare,98
Institute for Social Innovation,facility,98
Institute for Resource Efficiency and Energy Strategies,facility,98
Education and Training Service for Hamburg Businesses,education,98
Paracelsus-Harz-Klinik Bad Suderode,healthcare,97
University of Music FRANZ LISZT Weimar,education,97
SEW Eurodrive (Germany),company,97
Parker Hannifin (Germany),company,97
Epilepsiezentrum Kleinwachau Gemeinnützige,healthcare,97
Institut für Versorgungsforschung in der Onkologie,facility,96
Fraunhofer Research Institution for Energy Infrastructures and Geotechnologies IEG,facility,96
Photonik-Zentrum Kaiserslautern,facility,96
Institute for Cultural Inquiry,nonprofit,96
Continental Emitec (Germany),company,96
ClinAssess (Germany),company,96
Stryker (Germany),company,96
WWF Germany,nonprofit,96
Naturstoff-Technik (Germany),company,96
Grimm Aerosol Technik (Germany),company,95
Halle Zoo,archive,95
Forschungsinstitut für Leder und Kunststoffbahnen,facility,95
Hensoldt (Germany),company,95
Federal Ministry of Transport and Digital Infrastructure,government,95
Berliner Nanotest und Design,company,95
Tenneco (Germany),company,95
CemeCon (Germany),company,94
Deutsche Ophthalmologische Gesellschaft,other,94
Vattenfall (Germany),company,94
British American Tobacco (Germany),company,94
Regio Kliniken,healthcare,94
Nature And Biodiversity Conservation Union,nonprofit,94
St. Remigius Krankenhaus Opladen,healthcare,94
Institute for Innovative Process Engineering,nonprofit,94
Federal Ministry of Economic Cooperation and Development,government,94
Chemisches und Veterinäruntersuchungsamt Münsterland-Emscher-Lippe,other,94
SocraTec R&D (Germany),company,93
Alacris (Germany),company,93
Apogenix (Germany),company,93
Sine Institute,nonprofit,93
Hermann-Josef-Krankenhaus Erkelenz,healthcare,93
Sana Kliniken Leipziger Land,healthcare,92
Vinzenzkrankenhaus Hannover,healthcare,92
Monasterium Laboratory Skin & Hair Research Solutions (Germany),company,92
HeidelbergCement (Germany),company,92
Zentrallaboratorium Deutscher Apotheker,facility,92
Hamburg Wasser (Germany),company,92
TechnipFMC (Germany),company,92
Landwirtschaftskammer Nordrhein-Westfalen,other,92
Schreiner Group (Germany),company,92
DataCite,nonprofit,91
Grosskraftwerk Mannheim (Germany),company,91
The Expert Council of German Foundations on Integration and Migration,government,91
Wittenstein (Germany),company,91
"Zentrum für Zahn-, Mund- und Kieferheilkunde Poliklinik für Zahnerhaltung und Parodontologie",healthcare,91
Katholisches Krankenhaus St. Johann Nepomuk,healthcare,91
Landesamt für Kultur und Denkmalpflege Mecklenburg-Vorpommern,government,91
Raith (Germany),company,90
Hartmann Group (Germany),company,90
Stadtwerke Straubing (Germany),company,90
Getrag (Germany),company,90
Poliklinik für Präventive Zahnheilkunde und Kinderzahnheilkunde,healthcare,90
Onkozentrum Dresden,healthcare,90
Allgemeiner Deutscher Automobil Club,other,90
Voestalpine (Germany),company,90
Escrypt (Germany),company,90
Saint-Gobain (Germany),company,90
Hessian Ministry for Social Affairs and Integration,government,89
Institute of Early Childhood Research,education,89
Dr. Becker Rhein-Sieg Clinic,healthcare,89
MPDV Mikrolab (Germany),company,88
Institut für Bahntechnik (Germany),company,88
Klinik Friedenweiler,healthcare,88
Institut für Forschung und Transfer,other,88
Foerster (Germany),company,88
Heidelberg Engineering (Germany),funder,88
Karlshochschule International University,education,88
Biogen (Germany),company,88
KraussMaffei (Germany),company,88
Gilead Sciences (Germany),company,88
Vifor Pharma (Germany),company,87
PreSens Precision Sensing (Germany),company,87
German Doctors,nonprofit,87
Verbundzentrale des GBV,other,87
European Association for the Study of Diabetes,nonprofit,87
Silicon Radar (Germany),company,87
ALK-Abelló (Germany),company,87
ICLEI - Local Governments for Sustainability,nonprofit,87
MUC Research (Germany),company,86
Amedes Genetics (Germany),company,86
Lundbeck (Germany),company,86
Dassault Systèmes (Germany),company,85
Deutsche Hochschule für Prävention und Gesundheitsmanagement,education,85
Harmonic Drive (Germany),company,85
Lohmann (Germany),company,85
STEAG (Germany),company,85
Dialogik (Germany),nonprofit,85
Molecular Networks (Germany),company,85
Brose Fahrzeugteile (Germany),company,85
Bayerische Landesanstalt für Weinbau und Gartenbau,facility,85
CAS Software (Germany),company,84
ProteoSys (Germany),company,84
European Severe Storms Laboratory,nonprofit,84
Federal Office for Migration and Refugees,government,84
Schenck Process (Germany),company,84
Schüßler-Plan (Germany),company,84
TomTom (Germany),company,84
Adidas (Germany),company,84
Nord-Ostdeutsche Gesellschaft für Gynäkologische Onkologie,nonprofit,84
Ministerium für Soziales und Integration Baden-Württemberg,government,84
Mediadesign Hochschule für Design und Informatik,education,84
Benteler (Germany),funder,84
Bundesamt für Bauwesen und Raumordnung,government,83
Ivoclar Vivadent (Germany),company,83
Joachim Herz Stiftung,nonprofit,83
Oel-Waerme-Institut,facility,83
Federal Office for the Safety of Nuclear Waste Management,government,83
St. Mauritius Therapieklinik,healthcare,83
Saarstahl (Germany),company,83
Katholisches Klinikum Essen,healthcare,83
Nielsen (Germany),company,83
ARL – Academy for Territorial Development in the Leibniz Association,facility,83
IB Hochschule,education,83
"Institut für Arbeitsmedizin, Sicherheitstechnik und Ergonomie",nonprofit,83
International Paralympic Committee,nonprofit,83
Körber Foundation,nonprofit,82
Berlin Zoological Garden,archive,82
Ibeo Automotive Systems (Germany),company,82
Kardiologie Frankfurt-Sachsenhausen,healthcare,82
Regionalverbund kirchlicher Krankenhäuser,healthcare,82
InfraTec (Germany),company,82
Optikron (Germany),company,82
Technologiezentrum Halbleitermaterialien,facility,81
Q-Cells (Germany),company,81
ISG Institute for Social Research,facility,81
LISA laser products (Germany),company,81
Regio (Germany),company,81
Braunschweig University of Art,education,81
Fachhochschule der Diakonie,education,81
Institute for Materials Testing and Materials Technology Dr. Neubert,facility,81
Hochschule für Polizei Baden-Württemberg,education,81
Institut für Geologie und Umwelt (Germany),company,80
Evangelische Stiftung Volmarstein,education,80
Endress Hauser Messtechnik (Germany),company,80
TransMIT (Germany),company,80
Tierärztliche Praxis für Neurologie,healthcare,79
NanoTemper Technologies (Germany),company,79
v. Bodelschwing Foundation Bethel,other,79
BSP Business & Law School – Hochschule für Management und Recht,education,79
Navigant (Germany),company,79
Deutsche Bundesstiftung Umwelt,other,79
Deutsches Schiffahrtsmuseum,archive,79
IMC Information Multimedia Communication (Germany),company,79
Disco (Germany),company,79
Institute of Inland Fisheries in Potsdam-Sacrow,facility,79
Research Center for Energy Economics,facility,79
Institut für Angewandte Zellkultur (Germany),company,79
MicroDiscovery (Germany),company,78
Deutsche Messe (Germany),company,78
TES Electronic Solutions (Germany),company,78
Institute for Environmental Studies Weibel & Ness (Germany),company,78
Postnova Analytics (Germany),company,78
SimPlan (Germany),company,78
Lausitzer Seenland Klinikum,healthcare,78
St. Vinzenz Kliniken Pfronten im Allgäu,healthcare,78
University of Applied Sciences Kehl,education,78
Lipidomix (Germany),company,78
Center for Art and Media Karlsruhe,education,78
Südwestrundfunk (Germany),company,77
German Liver Foundation,facility,77
Pascoe (Germany),company,77
FMP Technology (Germany),company,77
ElringKlinger (Germany),company,77
Repha (Germany),company,77
Engineering Service Center und Handel (Germany),company,77
Landesamt für Archäologie Sachsen,archive,77
Textilforschungsinstitut Thüringen-Vogtland,facility,77
Ethnological Museum,archive,77
JPT Peptide Technologies (Germany),company,77
Gesundes Kinzigtal (Germany),company,77
BioConsult SH (Germany),company,77
German Foreign Trade and Transport Academy,education,77
Heidelberger Druckmaschinen (Germany),company,77
Fabes Forschungs (Germany),company,77
European Transonic Windtunnel (Germany),company,76
Oracle (Germany),company,76
Verbund Katholischer Kliniken Düsseldorf,healthcare,76
Ramboll (Germany),company,76
Ökopol (Germany),company,76
NewClimate Institute,other,76
Zodiac Aerospace (Germany),company,76
"Sozialversicherung für Landwirtschaft, Forsten und Gartenbau",other,76
Von Ardenne (Germany),company,76
SGL Carbon (Germany),company,76
Museum für Naturkunde Chemnitz,archive,75
Vienna Vaccine Safety Initiative,nonprofit,75
Bundesdruckerei (Germany),company,75
Mathematical Research Institute of Oberwolfach,funder,75
Meyer Werft (Germany),company,75
Roland Mills United (Germany),company,75
Attocube Systems (Germany),company,75
Heidelberg Pharma (Germany),company,75
Varian Medical Systems (Germany),company,75
Federal Network Agency,other,74
Maschinenfabrik Reinhausen (Germany),company,74
Federal Mogul (Germany),company,74
Hannoversche Informationstechnologien (Germany),company,74
Institut für Sächsische Geschichte und Volkskunde,facility,74
Apogepha Arzneimittel (Germany),company,74
Arbeitsgemeinschaft Dermatologische Onkologie,healthcare,74
Hochschul Informations System,nonprofit,73
Experimental Factory Magdeburg,facility,73
Chemisches und Veterinäruntersuchungsamt Ostwestfalen-Lippe,government,73
LifeGlimmer (Germany),company,73
Nestlé (Germany),company,73
Alstom (Germany),company,73
Fraunhofer Research Institution for Additive Manufacturing Technologies IAPT,facility,73
Institut für Nachhaltiges Management,education,73
Versuchs- und Lehranstalt für Brauerei in Berlin,other,73
Vaillant (Germany),company,73
Kirchliche Hochschule Wuppertal,healthcare,72
MVV Energie (Germany),company,72
Max Grundig Klinik,healthcare,72
Rheinhessen-Fachklinik Mainz,healthcare,72
European Centre for Community Education,education,72
Dynavax Technologies (Germany),company,72
Klöckner (Germany),company,72
Adelphi Research,nonprofit,72
Gene Bridges (Germany),funder,71
FastOpt (Germany),company,71
Bremer Umweltinstitut,nonprofit,71
Juno Therapeutics (Germany),company,71
Bundesdeutsche Arbeitsgemeinschaft für Veränderliche Sterne,other,71
Fraport (Germany),company,71
Women‘s Healthcare Group,healthcare,71
Softing (Germany),company,71
International Performance Research Institute,nonprofit,71
Research Institute for Telecommunication Cooperation,government,71
Staatliche Hochschule für Gestaltung Karlsruhe,education,70
SMS Siemag (Germany),company,70
BioTeSys (Germany),company,70
German-Israeli Cooperation,nonprofit,70
Institut für Innovative Technologien (Germany),company,70
Anstalt für Verbrennungskraftmaschinen List (Germany),company,70
Saxon Police Force,education,70
Fluid Operations (Germany),company,70
Archäologisches Landesmuseum Baden-Württemberg,archive,69
Kennametal (Germany),company,69
Mediri (Germany),company,69
Kreiskrankenhaus Emmendingen,healthcare,69
Klinik Rosenberg,healthcare,69
Sunstar (Germany),company,69
SRH Fernhochschule Riedlingen,education,69
Institut für Pflanzenkultur (Germany),company,69
Planetarium Bochum,archive,69
"University Clinic for Nephrology and Hypertension, Diabetology and Endocrinology",healthcare,69
Cynora (Germany),company,69
Deutsches Institut für Tropische und Subtropische Landwirtschaft,facility,69
Kerkhoff Consulting (Germany),company,69
Oerlikon (Germany),company,69
Technology Transfer Center Bremerhaven,facility,69
P-D Refractories (Germany),company,68
Zentrum für Rationelle Energieanwendung und Umwelt (Germany),company,68
Federal Office of Civil protection and Disaster Assistance,government,68
Sinus Markt- und Sozialforschung (Germany),company,68
"Federal Ministry for Family Affairs, Senior Citizens, Women and Youth",government,67
"Niedersächsisches Landesamt für Soziales, Jugend und Familie",government,67
Generaldirektion Kulturelles Erbe Rheinland-Pfalz,government,67
Rückenzentrum am Michel,healthcare,67
Klassik Stiftung Weimar,other,67
Sulzer (Germany),company,67
Wilhelm Löhe University for Applied Sciences,education,67
LETI Pharma (Germany),company,67
SRH Fernhochschule – The Mobile University,education,66
Allergan (Germany),funder,66
Teva Pharmaceuticals (Germany),company,66
Weidmüller (Germany),company,66
Ev. Diakonissenkrankenhaus Leipzig,healthcare,66
Medico-Academic Consultings (Germany),company,66
Hochschule für den öffentlichen Dienst in Bayern,education,66
Carmeq (Germany),company,66
Center for Evaluation and Development,nonprofit,66
Immunomedics (Germany),company,65
Deutsche Bundespost,government,65
Stadtwerke Offenbach (Germany),company,65
Cadence Design Systems (Germany),company,65
European Forest Institute,other,65
Arri (Germany),company,65
Institut für Nachhaltige Landbewirtschaftung (Germany),company,65
Sachtleben Bergbau (Germany),company,65
Polymer Standards Service (Germany),company,65
Complexity and Topology in Quantum Matter,facility,65
Institut für Zukunftsstudien und Technologiebewertung,nonprofit,65
European Center for Information and Communication Technologies,other,65
Miele (Germany),company,65
Institut für Gebirgsmechanik (Germany),company,65
Medizinische Akademie Erfurt,education,65
Ribocon (Germany),company,65
Heliatek (Germany),company,65
Oncoscience (Germany),company,65
OmniVision (Germany),company,65
German Institute for Cell and Tissue Replacement,facility,64
Drees & Sommer (Germany),company,64
Eisenmann (Germany),company,64
atesio (Germany),company,64
CSL (Germany),company,64
Reiss Engelhorn Museum,archive,64
Hessische Hochschule für Polizei und Verwaltung,education,64
Conaris,facility,64
Zahnklinik Bochum,healthcare,64
Center for Psychobiology and Behavioral Medicine,education,64
Zentrum für Innovation und Technik in Nordrhein-Westfalen,company,64
AXO Dresden (Germany),company,63
European Alliance Against Depression,nonprofit,63
Gerda Henkel Foundation,nonprofit,63
Element Six (Germany),company,63
PerkinElmer (Germany),company,63
TDK-EPC (Germany),company,63
OBERMEYER Planen + Beraten (Germany),company,63
Faseroptische Systeme Messtechnik (Germany),company,63
Winghofer Medicum,healthcare,63
TriaGnoSys (Germany),company,63
Ameos Klinikum Inntal,healthcare,63
Precitec (Germany),company,63
Papiertechnische Stiftung,nonprofit,63
Angewandte Micro Messtechnik (Germany),company,63
Bundesverband Kalksandsteinindustrie,nonprofit,63
Institute for Applied Soil Biology,facility,63
Yara (Germany),company,63
Bifa Umweltinstitut,other,63
Lohmann & Rauscher (Germany),company,63
Baden State Library,archive,63
SymbioPharm (Germany),company,62
Karl Storz (Germany),company,62
Ipsen (Germany),company,62
Hochschule Weserbergland,education,62
Industrial & Marine Service (Germany),company,62
DRK Kamillus Klinik,healthcare,62
GeneXplain (Germany),company,62
Therapiezentrum Burgau,healthcare,62
"Centre for Applied Psychology, Environmental and Social Research",other,62
KRH Klinikum Agnes Karll Laatzen,healthcare,61
52°North Spatial Information Research,company,61
German Cancer Aid,nonprofit,61
Staats- und Universitätsbibliothek Hamburg,archive,61
Teamtechnik (Germany),company,61
WIP - Renewable Energies,facility,61
Syneos Health (Germany),company,61
Institut für Getreideverarbeitung (Germany),company,61
Deutsche PalliativStiftung,other,61
FKuR Kunststoff (Germany),company,61
Glycotope (Germany),company,61
GATC Biotech (Germany),company,61
AlzChem (Germany),company,61
Sensor-Technik Wiedemann (Germany),company,61
Forschungsinstitut Betriebliche Bildung,nonprofit,60
Motorola (Germany),company,60
Ardeypharm (Germany),company,60
MacGregor (Germany),company,60
Fachverband SAPV Hessen,healthcare,60
Hamburg Port Consulting (Germany),company,60
Symtavision (Germany),company,60
Dresdner Grundwasserforschungszentrum,nonprofit,60
Claas (Germany),company,60
Grace (Germany),company,60
Berlin Central and Regional Library,archive,60
RUAG (Germany),company,60
Active Fiber Systems (Germany),company,60
Frauenklinik an der Elbe,healthcare,59
DRK Landesverband Rheinland-Pfalz,healthcare,59
Saaten Union (Germany),company,59
Toshiba (Germany),company,59
Micro Systems Engineering (Germany),company,59
Elmos Semiconductor (Germany),company,59
Ludwig-Bölkow-Systemtechnik,other,59
Krüger (Germany),company,59
International Max Planck Research School for Advanced Methods in Process and Systems Engineering,education,59
Ineos (Germany),company,59
ALD Vacuum Technologies (Germany),company,59
Hochtief (Germany),company,59
PXBioVisioN (Germany),company,59
Danone (Germany),company,59
Evangelische Hochschule für Soziale Arbeit & Diakonie,education,58
Marienhospital Arnsberg,healthcare,58
Fritz Thyssen Foundation,nonprofit,58
Schmerzmedizin Berlin,healthcare,58
Institut für Assistenzsysteme und Qualifizierung,facility,58
Forschungsinstitut für Bergbaufolgelandschaften,facility,58
Werlhof Institute,facility,57
Lucht Probst Associates (Germany),company,57
University of Applied Sciences Appollon,education,57
Bombardier (Germany),funder,57
Wilex (Germany),company,57
Merz (Germany),funder,57
Fraunhofer Information Center for Planning and Building,facility,57
Pfeiffer Vacuum (Germany),company,57
Tennet (Germany),company,56
Teles (Germany),company,56
Institute for Small Business Economics,facility,56
Reference Institute for Bioanalytics,nonprofit,56
Exide Technologies (Germany),company,56
Institut für Instandhaltung und Korrosionsschutztechnik,facility,56
Großmann Ingenieur Consult (Germany),company,56
c-LEcta (Germany),company,56
Karl Schlecht Stiftung,nonprofit,56
Noack Laboratorien (Germany),company,56
Infraserv (Germany),company,56
University of Music and Theatre Leipzig,education,56
Zentrum für Psychotherapie Wiesbaden,healthcare,56
"Landesamt für Landwirtschaft, Lebensmittelsicherheit und Fischerei",facility,56
Friedrich-Wilhelm-Bessel-Institut Forschungsgesellschaft,facility,56
Wölfel (Germany),company,56
Kunstakademie Düsseldorf,education,56
Fliedner Fachhochschule Düsseldorf,education,56
Schloss Dagstuhl – Leibniz Center for Informatics,facility,55
Few Chemicals (Germany),company,55
Plasmatreat (Germany),company,55
EBZ Business School,education,55
Biobyte Solutions (Germany),company,55
Silence Therapeutics (Germany),company,55
Laserline (Germany),company,55
Hochschule der Polizei des Landes Brandenburg,education,55
Prognos (Germany),company,55
Hochschule für Musik Dresden,education,55
"Hochschule für Gesundheit & Sport, Technik & Kunst",education,55
Bavarian Broadcasting,other,55
Max Planck Institute for Security and Privacy,facility,55
Diploma Hochschule,education,55
Norddeutsche Pflanzenzucht Hans-Georg Lembke (Germany),company,55
Daimler Center for Automotive Information Technology Innovations,facility,55
Dantec Dynamics (Germany),company,55
University of Applied Management Studies,education,55
Ottobock (Germany),company,55
Vinzenz Pallotti Hospital Bensberg,healthcare,55
Surflay Nanotec (Germany),company,54
Frankfurt University of Music and Performing Arts,education,54
German Institute for Disaster Medicine,other,54
AKAD University,education,54
Institute for Enterprise Systems,other,54
Netzsch (Germany),company,54
Derma Consult (Germany),company,54
Deutsche Stiftung für Chronisch Kranke,nonprofit,54
von Hoerner & Sulger (Germany),company,54
Diamond Materials (Germany),company,54
MetrioPharm (Germany),company,53
Head Genuit Stiftung,other,53
Publicis Groupe (Germany),company,53
ResMed (Germany),company,53
Academy of Arts,archive,53
Pallas (Germany),company,53
Institut für Finanzdienstleistungen,nonprofit,53
Schlumberger (Germany),company,53
Max Planck Graduate Center,facility,53
German Trade Union Confederation,other,53
Winkhaus (Germany),company,53
HSD Hochschule Döpfer,education,53
Verein zur Förderung Agrar- und Stadtökologischer Projekte,other,53
Fachinstitut für Informatik und Grafikdesign,education,53
Eilenburger Elektrolyse - und Umwelttechnik (Germany),company,53
Liebherr (Germany),company,52
PARI (Germany),company,52
Thuringian Institute of Sustainability and Climate Protection (Germany),company,52
Aachener Centrum für Technologietransfer in der Ophthalmologie,nonprofit,52
Poliklinik für Zahnärztliche Prothetik und Werkstoffkunde,healthcare,52
Heel (Germany),company,52
Excellence Cluster Origins,facility,52
Novaliq (Germany),company,52
Basys (Germany),company,52
Nuvisan (Germany),company,52
Optics Balzers (Germany),company,52
Paracelsus-Klinik Golzheim Düsseldorf,healthcare,52
Deutsche Energy Agency (Germany),company,52
Deutsche WindGuard (Germany),company,52
Ingenieurgesellschaft für Zuverlässigkeit und Prozessmodellierung (Germany),company,52
Viessmann (Germany),company,52
University of the Arts Bremen,education,51
Hyundai Motors (Germany),company,51
Otsuka (Germany),company,51
SensoMotoric Instruments (Germany),company,51
Azur Space Solar Power,company,51
Deutsches Krankenhaus Institut,other,51
Dresden Elektronik Ingenieurtechnik (Germany),company,51
Therapiezentrum Harburg,healthcare,51
bbw University of Applied Sciences,education,51
Sysmex (Germany),company,51
Augustana-Hochschule Neuendettelsau,education,51
Serviceplan (Germany),company,51
Westfalen-Kolleg,education,51
Gollwitzer-Meier-Klinik,healthcare,51
Rockwell Automation (Germany),company,51
Dynamic Biosensors (Germany),company,50
Biofrontera (Germany),company,50
Sächsisches Krankenhaus Rodewisch,healthcare,50
Danfoss (Germany),company,50
Institut für Krankenhaushygiene & Infektionsprävention,healthcare,50
Astellas Pharma (Germany),company,50
VITA (Germany),company,50
"Krankenhaus Neuwerk \""Maria von den Aposteln\",healthcare,50
Infas Institut für Angewandte Sozialwissenschaft (Germany),company,50
Doduco (Germany),company,50
Cellex Cell Professionals (Germany),company,50
Merz Akademie,education,50
SRH Hochschule der Populären Künste,education,50
Michalski Huettermann and Partner,other,50
Ballard Power Systems (Germany),company,50
Barkhausen Institut,facility,50
Cooperative Clinical Drug Research and Development,education,50
Dresden State Art Collections,archive,49
TÜV Nord (Germany),company,49
ebm-papst,company,49
Institut für Europäische Politik,nonprofit,49
EFD Induction (Germany),company,49
Compart (Germany),company,49
GAIA (Germany),company,49
d-fine (Germany),company,49
Stadtwerke München (Germany),company,49
Gesellschaft für Mikroelektronikanwendung Chemnitz (Germany),company,49
Institut für Bauwerkserhaltung und Sanierung (Germany),company,49
Asklepios Orthopädische Klinik Lindenlohe,healthcare,49
BioTez (Germany),company,49
Schauenburg (Germany),company,49
"Association for Supply Chain Management, Procurement and Logistics",other,49
GenISys (Germany),company,49
Horiba (Germany),company,48
Peace Research and European Security Studies,other,48
Rentschler Biopharma (Germany),company,48
Expedeon (Germany),company,48
BioCer Entwicklungs (Germany),company,48
Collaborating Centre on Sustainable Consumption and Production,nonprofit,48
Spiekermann and Wegener,facility,48
Air Liquide (Germany),company,48
MEDIAN Klaus-Miehlke-Klinik Wiesbaden,healthcare,48
Robert Schumann University of Music and Media,education,48
New Valve Technology (Germany),company,48
SMA Solar Technology (Germany),company,48
Philosophisch-Theologische Hochschule Münster,education,48
Iteratec (Germany),company,48
Albertus-Magnus-Institut,archive,48
Archdiocese of Cologne,other,48
Gesellschaft für Nuklear Service (Germany),company,47
Fachklinik für Neurologie Dietenbronn,healthcare,47
"Ministerium für Arbeit, Gesundheit und Soziales des Landes Nordrhein-Westfalen",government,47
Labor Pachmann,healthcare,47
Hochschule für Musik und Theater München,education,47
Ecolab (Germany),company,47
Energiewerke Nord (Germany),company,47
Landesgewerbeanstalt Bayern (Germany),company,47
Saxon Institute for Applied Biotechnology,facility,47
"The Bavarian Ministry of the Interior, for Building and Transport",government,47
Institute for Technical and Scientific Hydrology (Germany),company,47
Nordex (Germany),company,47
Five Continents Museum,archive,47
Berlin Graduate School for Transnational Studies,other,47
Stadtwerke Köln (Germany),company,47
"Krankenhaus Lübbecke-Rahden, Universitätsklinik für Psychiatrie und Psychotherapie",healthcare,47
Putzier Oberflächentechnik (Germany),company,47
Meyer Burger Technology (Germany),company,47
Scienion (Germany),company,47
Energy & Meteo Systems (Germany),company,47
"Research Institute for Work, Technology and Culture",nonprofit,47
Sorbian Institute,archive,47
Blockheizkraftwerks- Träger- und Betreibergesellschaft (Germany),company,46
Bentley (Germany),company,46
Quantum Design (Germany),company,46
International University of Cooperative Education,education,46
Medipan (Germany),company,46
Institut für Wildbiologie Göttingen und Dresden,nonprofit,46
Cenix BioScience (Germany),company,46
Link (Germany),company,46
Sigma Engineering (Germany),company,46
DJO Global (Germany),company,46
Prüf- und Forschungsinstitut Pirmasens (Germany),company,46
Desma (Germany),company,46
"Institut für Kälte-, Klima- und Energietechnik",facility,46
IDS (Germany),company,46
E-T-A Elektrotechnische Apparate (Germany),company,46
Dbe Technology (Germany),company,46
BioSolutions Halle (Germany),company,45
Augenklinik Universitätsallee,healthcare,45
Hannover Clinical Trial Center (Germany),company,45
Paion (Germany),company,45
Coatema (Germany),company,45
Bühler (Germany),company,45
Intergovernmental Science-Policy Platform on Biodiversity and Ecosystem Services,government,45
Landwirtschaftliche Untersuchungs- und Forschungsanstalt Speyer,facility,45
Human Solutions (Germany),company,45
Academic Research in Complementary and Integrative Medicine,facility,45
VDE Prüf- und Zertifizierungsinstitut (Germany),company,45
Menarini Group (Germany),company,45
ESI Group (Germany),company,45
Sunfire (Germany),company,44
Bayerisches Staatsministerium für Umwelt und Verbraucherschutz,government,44
BIG Direkt Gesund,healthcare,44
German Patent and Trade Mark Office (Germany),company,44
Sivantos (Germany),company,44
Institut für Lacke und Farben,facility,44
Hochschule für bildende Künste,education,44
Krebsgesellschaft Nordrhein-Westfalen,nonprofit,44
Medice (Germany),company,44
Förderverein Institut für Medizintechnik Dresden,nonprofit,44
CD-adapco (Germany),company,44
Varta Microbattery (Germany),company,44
Dr.Heiko Pult Optometry and Vision Research,healthcare,44
Hygiene-Institut des Ruhrgebiets,nonprofit,44
Stadtarchiv Worms,archive,44
Insilico Biotechnology (Germany),company,43
Boston Scientific (Germany),company,43
SKF (Germany),company,43
Fed­er­al Of­fice of Ad­min­is­tra­tion,government,43
Berliner Verkehrsbetriebe (Germany),company,43
German Cement Works Association,facility,43
Deutsche Gesellschaft für Holzforschung,nonprofit,43
European Research Services,company,43
Europäische Fernhochschule Hamburg,education,43
Natural Science and Technical Academy Isny,education,43
Nexus Institute for Cooperation Management and Interdisciplinary Research,facility,43
Akademie für Technikfolgenabschätzung,education,43
Instand,nonprofit,43
ESWE Transport Company (Germany),company,43
Almirall (Germany),company,43
Arbeitsgemeinschaft Mauerziegel,other,43
Fachverband Gebäude-Klima (Germany),company,43
SSP Consult Beratende Ingenieure (Germany),company,43
Toyota Motor Corporation (Germany),company,43
Institute for Experimental Psychophysiology (Germany),company,43
Klinik für Schweine,healthcare,42
Becton Dickinson (Germany),company,42
Institute of European Media Law,facility,42
Deutsche Gesellschaft für Angiologie Gesellschaft für Gefäßmedizin e.V.,nonprofit,42
EWE (Germany),funder,42
Klinik und Poliklinik für Frauenheilkunde und Fortpflanzungsmedizin,healthcare,42
Zumtobel Group (Germany),company,42
DOT (Germany),company,42
Dekra (Germany),company,42
Antec (Germany),company,42
Alpenforschungsinstitut (Germany),company,42
Sachtleben (Germany),company,42
Sennheiser (Germany),company,42
Max Planck Unit for the Science of Pathogens,facility,42
German Federal Archives,archive,42
Unfallkasse Rheinland-Pfalz (Germany),company,41
Gesellschaft für Hochschulforschung,nonprofit,41
EXcorLab (Germany),company,41
Medizinische Einrichtungen des Bezirks Oberpfalz,healthcare,41
GEPRO (Germany),company,41
Melexis (Germany),company,41
Hochschule 21,education,41
NanoWorld Services (Germany),company,41
OceanWaveS (Germany),company,41
Eisai (Germany),company,41
German Association of Joint Industrial Applied Research Institutes,other,41
Servier (Germany),company,41
Universal-Kugellager-Fabrik (Germany),company,41
Research Centre for Applied System Safety and Industrial Medicine,nonprofit,41
CeramOptec (Germany),company,41
Staatliches Weinbauinstitut Freiburg,facility,41
Marquardt (Germany),company,41
Crystal Consulting (Germany),company,40
interactive instruments (Germany),company,40
Empolis (Germany),company,40
Fraunhofer Center for Maritime Logistics and Services,facility,40
Messerschmitt-Bölkow-Blohm (Germany),company,40
Otto Fuchs (Germany),company,40
AWS-Institute for Digitized Products and Processes,facility,40
Hermann Buhl Institut,nonprofit,40
Verbundkrankenhaus Bernkastel,healthcare,40
Körber (Germany),company,40
Hochschule der Deutschen Bundesbank,education,40
Wirtschaftspsychologische Gesellschaft,other,40
Institut für ZukunftsEnergie- und Stoffstromsysteme,facility,40
Ocean Atmosphere Systems (Germany),company,40
Berliner Energieagentur (Germany),company,40
German Literature Archive,archive,40
PVA TePla (Germany),company,40
Engelhard Arzneimittel (Germany),company,40
Canon (Germany),company,39
Institut für Stahlbau Leipzig (Germany),company,39
Tektronix (Germany),company,39
Trench (Germany),company,39
Jura-Museum Eichstätt,archive,39
Federal Railway Authority,government,39
SAPHIR Radiochirurgie,healthcare,39
Nanoscribe (Germany),company,39
Riemser Pharma (Germany),funder,39
Osypka (Germany),company,39
Atos Medical,other,39
Roto Frank (Germany),company,39
Meteorologie Consult (Germany),company,39
SPZ Frankfurt Mitte,healthcare,39
SunPower (Germany),company,39
Institut für Qualität im Management (Germany),company,39
Sto (Germany),company,39
Muehlhan (Germany),company,38
Aqua Consult Ingenieur (Germany),company,38
Research Association for Tunnels and Transport Facilities,nonprofit,38
Dr. Franz Köhler Chemie (Germany),company,38
Nutech (Germany),company,38
Stratec (Germany),company,38
Fraunhofer Center for Chemical-Biotechnological Processes,facility,38
Université franco-allemande,funder,38
Rehau (Germany),company,38
AIO Studien gGmbH,nonprofit,38
Progress-Institut für Wirtschaftsforschung,nonprofit,38
SGS Institut Fresenius (Germany),company,38
Bitop (Germany),company,38
Vetter (Germany),company,38
Centrotherm Photovoltaics (Germany),company,38
Provadis School of International Management and Technology,education,38
European Liaison Office of the German Research Organisations,other,38
Institut für Berufliche Bildung,education,38
NanoPET Pharma (Germany),company,37
Mician (Germany),company,37
Flight Calibration Services (Germany),company,37
Nephrologisches Zentrum Emsland,healthcare,37
Medizinisches Zentrum für Seelische Gesundheit,healthcare,37
Westinghouse Electric (Germany),company,37
German Wind Energy Association,other,37
Hamburg Commercial Bank,other,37
E-nema (Germany),company,37
Dräxlmaier (Germany),company,37
CellGenix (Germany),funder,37
Agfa-Gevaert (Germany),company,37
Ingenieurgesellschaft für Technische Software (Germany),company,37
Webasto (Germany),company,37
Hospital Krefeld-Düsseldorf,healthcare,37
Borderstep Institute for Innovation and Sustainability,nonprofit,37
ABEnzymes (Germany),company,36
Grintech (Germany),company,36
NanotecMARIN (Germany),company,36
Rofin (Germany),company,36
Schleifring (Germany),company,36
General Numerics Research Lab,facility,36
Forschungsinstitut für Anorganische Werkstoffe -Glas/Keramik,facility,36
Kaufmännische Krankenkasse,healthcare,36
Primed (Germany),company,36
Center for Technology & Innovation Management,nonprofit,36
Agrobiogen (Germany),company,36
Rockwool International (Germany),company,36
UNESCO-UNEVOC International Centre for Technical and Vocational Education and Training,education,36
Metallurgische Verfahrenstechnik (Germany),company,36
Hottinger Baldwin Messtechnik (Germany),company,36
Materialprüfungsamt NRW (Germany),company,36
Ricardo AEA (Germany),company,36
German Association of the Automotive Industry (Germany),company,36
German Science and Humanities Council,government,36
GAF AG,company,36
AGC Interpane (Germany),company,36
Private Hochschule für Wirtschaft und Technik,education,36
Christoph-Dornier-Stiftung für Klinische Psychologie,other,36
Center for Advanced Systems Understanding,facility,36
Institute for Applied Ecosystem Research,facility,36
IST-Hochschule für Management,education,36
Friedrich Naumann Foundation,nonprofit,36
Musikwissenschaftliches Seminar Detmold/Paderborn,education,36
Stiftung Liebenau (Germany),company,36
Microstructure and Pores,facility,35
The Cystic Fibrosis Institute,nonprofit,35
Juzo (Germany),company,35
Institute of Sustainable Development of Landscapes of the Earth,nonprofit,35
Insiders Technologies (Germany),company,35
Karl Mayer (Germany),company,35
Apceth Biopharma (Germany),company,35
Ushio (Germany),company,35
Akademie der Polizei Hamburg,education,35
Nutricia (Germany),company,35
Ernst Schering Foundation,nonprofit,35
Wild Chimpanzee Foundation,nonprofit,35
Institut Kardiale Diagnostik und Therapie,facility,35
German National Academic Foundation,nonprofit,35
Ferring Pharmaceuticals (Germany),company,35
Synovo (Germany),company,34
Avid (Germany),company,34
Ministerium für Verkehr des Landes Nordrhein-Westfalen,government,34
Jobst Technologies (Germany),company,34
Berghof Foundation,nonprofit,34
"Institute for Vocational Education, Labor Market and Social Policy (Germany)",company,34
Abnoba (Germany),education,34
Biaffin (Germany),company,34
Geothermie Neubrandenburg (Germany),company,34
Dr. Loges (Germany),company,34
Knauf (Germany),company,34
Boehringer Ingelheim Foundation,nonprofit,34
Institute for Socio-Scientific Consultancy,facility,34
"Cluster of Excellence \""Matters of Activity. Image Space Material\",education,34
Flensburger Schiffbau Gesellschaft (Germany),company,34
Cimosa,other,34
"Ministry of Education, Science and Culture",government,34
"Ministerium für Heimat, Kommunales, Bau und Gleichstellung des Landes Nordrhein-Westfalen",government,34
Bioglobe (Germany),company,33
Villeroy & Boch (Germany),company,33
Mathys (Germany),company,33
RAPID Biomedical (Germany),company,33
Max Bögl (Germany),company,33
Stadtarchiv Ibbenbüren,other,33
University of Music Würzburg,education,33
Transferzentrum Mikroelektronik (Germany),company,33
European Institute for Participatory Media,nonprofit,33
BioFluidix (Germany),company,33
BST Bio Sensor Technology (Germany),company,33
Dürr (Germany),company,33
IK Foundation,nonprofit,33
Meda (Germany),company,33
Klinik Schongau,healthcare,33
IMA Materialforschung und Anwendungstechnik,company,33
HolsboerMaschmeyer NeuroChemie (Germany),company,32
Trautwein (Germany),company,32
Aicas (Germany),company,32
Zentrum für Sprachtherapie,healthcare,32
FGK Clinical Research,facility,32
Deutsche Homöopathie-Union,healthcare,32
Comenius-Institut,education,32
DyStar (Germany),company,32
Duale Hochschule Gera-Eisenach,education,32
Brandenburgisches Landesamt für Denkmalpflege und Archäologisches Landesmuseum,archive,32
Krankenhäuser Landkreis Freudenstadt,healthcare,32
Stadtwerke Münster (Germany),company,32
Finisar (Germany),company,32
Institut für Baustoff-Forschung,nonprofit,32
Stadtarchiv Gifhorn,archive,32
Future Carbon (Germany),company,32
Dyckerhoff (Germany),company,32
Dr. Pfleger Arzneimittel (Germany),company,32
Bundesverband Flachglas,other,32
KaVo Dental (Germany),company,32
Devolo (Germany),company,32
Brenk Systemplanung (Germany),company,32
Adipositas Zentrum Oberhausen,healthcare,32
Averbis (Germany),company,31
TUMAINI-Institut für Präventionsmanagement,healthcare,31
"Institute for Quality, Safety and Transportation (Germany)",company,31
Arthrex (Germany),funder,31
IBA Lifesciences,facility,31
Nomad Bioscience (Germany),company,31
Mondelēz International (Germany),company,31
Protemics (Germany),company,31
German Informatics Society,other,31
Klimaschutz- und Energieagentur Baden-Württemberg,other,31
Sustainable Business Institute (Germany),company,31
Schnörringen Telescope Science Institute,facility,31
Zueblin (Germany),company,31
Trust Management Institut,other,31
Isarna Therapeutics (Germany),company,31
Akademie Mode & Design,education,31
LyondellBasell (Germany),company,31
Bio-Rad (Germany),company,31
VOCO (Germany),company,31
"Bayerisches Staatsministerium für Ernährung, Landwirtschaft und Forsten",government,31
Max Weber Stiftung - Deutsche Geisteswissenschaftliche Institute im Ausland,government,31
Vipem Hackert (Germany),company,30
Gerstel (Germany),company,30
Rupprecht Consult - Forschung & Beratung,company,30
Vorwerk (Germany),company,30
Vermicon (Germany),company,30
Oberlandesgericht Stuttgart,other,30
Container Speditions und Transportgesellschaft (Germany),company,30
ERT (Germany),company,30
Gas- und Wärme-Institut Essen,facility,30
SRH Hochschule für Wirtschaft und Medien Calw,education,30
E.G.O (Germany),company,30
Sterna Biologicals (Germany),company,30
Acandis (Germany),company,30
Celanese (Germany),company,30
GKN (Germany),company,30
TuTech Innovation (Germany),company,30
PlasmaChem (Germany),company,30
Cesic (Germany),company,30
Hoerbiger (Germany),company,30
Aurubis (Germany),funder,29
Leifheit (Germany),company,29
GILUPI (Germany),company,29
Leo Pharma (Germany),company,29
Cismet (Germany),company,29
Management Intelligenter Technologien (Germany),company,29
Hasomed (Germany),company,29
Metec (Germany),company,29
BioSystem (Germany),company,29
Artes Biotechnology (Germany),company,29
Schmolz Bickenbach (Germany),company,29
Logopharm (Germany),company,29
Federal Government of Germany,government,29
Kleine Private Lehrinstitut Derksen,education,29
Wörwag Pharma (Germany),funder,29
Krones (Germany),company,29
Landesamt für Denkmalpflege und Archäologie Sachsen-Anhalt,archive,29
Rhine-Ruhr Institute for Applied Systeminnovation,nonprofit,29
syncom,company,29
Ethris (Germany),company,29
Bonn-Cologne Graduate School of Physics and Astronomy,education,28
Hochschule für Jüdische Studien,education,28
Power Plus Communications (Germany),company,28
Faust & Backhaus Environmental Consulting,company,28
Kreussler (Germany),company,28
Deutsche Interdisziplinäre Vereinigung für Intensiv- und Notfallmedizin,other,28
University of Applied Police Sciences Saxony Anhalt,education,28
Kärcher (Germany),company,28
Omnicare Pharma (Germany),company,28
Belden (Germany),company,28
"Senatsverwaltung für Bildung, Jugend und Wissenschaft",government,28
International YMCA University of Applied Sciences,education,28
Etalon (Germany),company,28
World of Medicine (Germany),company,28
Imerys (Germany),company,28
Vasopharm (Germany),company,28
Signum Computer (Germany),company,28
Helixor Heilmittel (Germany),funder,28
Overspeed (Germany),company,28
KSB (Germany),company,28
Rhein-Ruhr Institut für Sozialforschung und Politikberatung,facility,28
Future-Shape (Germany),company,28
Theva (Germany),company,28
Stadtwerke Bochum (Germany),company,28
URSAPHARM (Germany),company,28
Sprachen & Dolmetscher Institut München,education,28
West German Broadcasting Cologne,company,27
Polymet Jena,other,27
Eisbach Bio (Germany),company,27
Johnson Controls (Germany),company,27
Oculus Optikgeräte (Germany),company,27
Salomon Ludwig Steinheim-Institut,education,27
Desitin Arzneimittel (Germany),funder,27
Center for Advanced Internet Studies,nonprofit,27
VGB PowerTech,other,27
Pharmaplant (Germany),company,27
Maxim Integrated (Germany),company,27
Wabco (Germany),company,27
Frobenius-Institut,facility,27
Orthogen (Germany),company,27
German MTM Association,nonprofit,27
Oberberg Stiftung,nonprofit,27
Nanogate (Germany),company,27
Petkus (Germany),company,27
Hoppecke (Germany),company,27
Schmalz (Germany),company,27
Aachener Institut für Bauschadensforschung und Angewandte Bauphysik,facility,27
novacare (Germany),company,27
Civilisations Matter,nonprofit,27
Deutsche Alzheimer Gesellschaft,other,27
advanceCOR (Germany),company,27
Niedersächsisches Landesarchiv,government,27
Wilo (Germany),company,27
AB Vista (Germany),company,27
Rockwood Lithium (Germany),company,26
Augencentrum Rosenheim,healthcare,26
Manz (Germany),company,26
Centre for East European and International Studies,education,26
Deutsche Herzstiftung,funder,26
Umweltsensortechnik (Germany),company,26
Pharmazeutische Fabrik Dr. Reckeweg (Germany),company,26
Institut für Technische Beratung und Produktentwicklung (Germany),company,26
Rehaklinik Glotterbad,other,26
Staatliche Hochschule für Musik und Darstellende Kunst Stuttgart,education,26
Medizinische Zentrum für Gesundheit,healthcare,26
Bundesverband Herzkranke Kinder,other,26
Forschungs- und Applikationslabor Plasmatechnik (Germany),company,26
Bridgepoint (Germany),company,26
Gottfried Wilhelm Leibniz Bibliothek,archive,26
Kathrein (Germany),company,26
Cognitec (Germany),company,26
"Institut Mensch, Ethik und Wissenschaft",other,26
AGCO (Germany),company,26
RiNA (Germany),company,26
inuTech (Germany),company,26
Kisters (Germany),company,26
Apocare Pharma (Germany),company,25
Toray International Europe (Germany),company,25
Institut für Betriebliche Bildung und Unternehmenskultur (Germany),company,25
Optimare (Germany),company,25
TETEC Tissue Engineering Technologies (Germany),company,25
Schwenk (Germany),company,25
Abiomed (Germany),company,25
Hanns Eisler College or Academy of Music,education,25
Werner Otto Stiftung,other,25
Cyano Biotech (Germany),company,25
Emissions Reduzierungs Concepte (Germany),company,25
Klosterfrau Healthcare Group (Germany),company,25
Dekra Hochschule für Medien,education,25
Eftas Remote Sensing Technology Transfer (Germany),company,25
Schiffbau-Versuchsanstalt Potsdam (Germany),company,25
Passive House Institute,facility,24
Flowserve (Germany),company,24
MariLim (Germany),company,24
Centrum für Operative Urologie Bremen,facility,24
Max Planck Institutes for Intelligent Systems & Solid State Research Library,facility,24
German Knee Society,other,24
Mylan (Germany),company,24
Deutsche Gesellschaft für Materialkunde,nonprofit,24
MeVis Medical Solutions (Germany),company,24
Daacro (Germany),company,24
Hochschule der Bildenden Künste Saar,education,24
Aerotek (Germany),company,24
Astro- und Feinwerktechnik Adlershof (Germany),company,24
Sparkassen-Finanzgruppe,other,24
Hochschule für Grafik und Buchkunst Leipzig,education,24
Acqua Klinik,healthcare,24
Frankfurter Goethe Haus – Freies Deutsches Hochstift,archive,24
Institut für Managementkompetenz,facility,24
Enviscope (Germany),company,24
MetraLabs (Germany),company,23
Academy of Arts Education,education,23
Institut für Molekularbiologie und Analytik (Germany),company,23
InfectoPharm (Germany),company,23
Mainzer Zentrum für Digitalität in den Geistes- und Kulturwissenschaften,education,23
European Distributed Energy Resources Laboratories,nonprofit,23
Vectura (Germany),company,23
Institut Jugend Film Fernsehen,facility,23
Berlin Schalltechnisches Büro,company,23
American Academy in Berlin,funder,23
Sonic Healthcare (Germany),company,23
Hatz (Germany),company,23
Geomer (Germany),company,23
Gentherm (Germany),company,23
Weleda (Germany),company,23
Lonza (Germany),company,23
NeuroProof (Germany),company,23
International Council on Clean Transportation,nonprofit,23
Caterpillar (Germany),company,23
Danaher (Germany),company,23
Sineurop Nanotech (Germany),company,23
Hummingbird Diagnostics (Germany),company,23
Institut für Produktionsmanagement und Logistik (Germany),company,23
EagleBurgmann (Germany),company,23
Strabag (Germany),company,23
Academy of Fine Arts Munich,education,23
Honeywell (Germany),company,23
OHB (Germany),company,23
Wissenschaftsladen,company,23
Lophius Biosciences (Germany),company,23
Deutsche Dystonie Gesellschaft,other,23
Overseas Museum,archive,23
Gühring (Germany),company,22
Office of Technology Assessment at the German Bundestag,other,22
Deutscher Verein des Gas und Wasserfaches,other,22
Cerbomed (Germany),company,22
PRO DV (Germany),company,22
Forschungszentrum für Verbrennungsmotoren und Thermodynamik Rostock (Germany),company,22
Hochschule für Musik Karlsruhe,education,22
Biebertaler Blutegelzucht (Germany),company,22
STMicroelectronics (Germany),company,22
University of Television and Film Munich,education,22
Institut Input,other,22
Erich-Brost-Institut,education,22
St. Maria-Hilf-Krankenhaus,healthcare,22
SmartCity.institute,facility,22
Otto Group (Germany),company,22
Academy of Fine Arts Karlsruhe,education,22
Selected Electronic Technologies (Germany),company,22
Philosophisch-Theologische Hochschule Benediktbeuern,education,22
Volkswagen Financial Services (Germany),company,22
German Rectors' Conference,other,22
Hochschule für Öffentliche Verwaltung Bremen,education,22
Jewish Museum Berlin,archive,22
LIV Pharma (Germany),company,22
FormTech (Germany),company,21
Metalsa (Germany),company,21
Kiekert (Germany),company,21
Menck (Germany),company,21
Hikma Pharmaceuticals (Germany),company,21
Phospholipid Research Center,funder,21
International Union of Geodesy and Geophysics,nonprofit,21
IDEX Corporation (Germany),company,21
Macopharma (Germany),company,21
Bharat Forge (Germany),company,21
Isra Vision (Germany),company,21
MunEDA (Germany),company,21
RISA Sicherheitsanalysen,company,21
Graebener Maschinentechnik (Germany),company,21
ThüringenForst,facility,21
OmniVision Technologies (Germany),company,21
ITT (Germany),company,21
International Chemical Investors (Germany),company,21
"Ministerium für Kinder, Familie, Flüchtlinge und Integration des Landes Nordrhein-Westfalen",government,21
Volkswohnung (Germany),company,21
BET (Germany),company,21
Proderm (Germany),company,21
Pohl Boskamp (Germany),funder,21
Christmann Informationstechnik + Medien (Germany),company,21
Perceptive Software (Germany),company,20
First Sensor (Germany),company,20
United Initiators (Germany),company,20
Joseph Haydn-Institut,archive,20
Keramische Folien (Germany),company,20
SGF International (Germany),company,20
Buchinger Wilhelmi,other,20
Centre for innovative process engineering,facility,20
NGK Insulators (Germany),company,20
Autoliv (Germany),company,20
Deutsche Morbus Crohn/Colitis ulcerosa Vereinigung,other,20
Impact Innovations (Germany),company,20
Hochbahn (Germany),company,20
IFF Weimar,facility,20
Aturo,healthcare,20
HolidayCheck Group (Germany),company,20
Stora Enso (Germany),company,20
D•A•CH-Gesellschaft,other,20
Emerson (Germany),company,20
DIERS International (Germany),company,20
Rundfunk Berlin-Brandenburg,other,20
InnoLas Solutions (Germany),company,20
Lungenheilkunde München-Pasing,healthcare,20
Unilever (Germany),company,20
Atos (Germany),company,20
Masco (Germany),company,20
Kulturpolitische Gesellschaft,other,19
"Sicherheit, Informatik und Zentrale Services",company,19
Association of German Educational Organizations,other,19
Network on Urban Research in the European Union,nonprofit,19
Stiftung Rehabilitation Heidelberg (Germany),company,19
Nordson (Germany),company,19
Landesarchiv Baden Württemberg,archive,19
Curacyte (Germany),company,19
Urban Institute (Germany),company,19
Amazonen-Werke (Germany),company,19
Wikimedia Deutschland,nonprofit,19
Institute of Electronic Business,facility,19
Battelle-Institut ev,facility,19
Deutsche Diabetes Gesellschaft,other,19
IfG.Research - The Institute for eGovernment,other,19
Wita Proteomics (Germany),company,19
Hermann Staudinger Gymnasium,education,19
Reischauer (Germany),company,19
"Bayerisches Staatsministerium der Finanzen, für Landesentwicklung und Heimat",government,19
Nordmark (Germany),company,19
Parkklinik Wiesbaden Schlangenbad,healthcare,19
r2b Energy Consulting (Germany),company,19
FLAVIA IT (Germany),company,19
TBZ PARIV (Germany),company,19
BioCrea (Germany),company,19
Vossloh (Germany),company,19
Prussian Palaces and Gardens Foundation Berlin Brandenburg,archive,19
2i Industrial Informatics (Germany),company,19
Deutsche Gesellschaft für Ultraschall in der Medizin,other,19
Forschungsinstitut für Denkmalpflege und Archäometrie,archive,19
Rheacell (Germany),company,19
Dornier MedTech (Germany),company,19
IFU (Germany),company,19
Bayern Innovativ (Germany),funder,19
IPS Elektroniklabor (Germany),company,19
Leiber (Germany),company,19
Inflarx (Germany),funder,18
Saertex (Germany),funder,18
Hevert Arzneimittel (Germany),company,18
Magnetfabrik Bonn (Germany),company,18
UNESCO Institute for Lifelong Learning,facility,18
The Institute for the Law of the Sea and International Marine Environmental Law,nonprofit,18
Stiftung Deutsche Depressionshilfe,other,18
BISDN (Germany),company,18
Deutsches Zentrum für Musiktherapieforschung,facility,18
Ostkirchliches Institut Regensburg,education,18
Fumatech (Germany),company,18
Gelita (Germany),company,18
oncgnostics (Germany),company,18
IBK-Innovation (Germany),company,18
Concentrating Solar Power Services (Germany),company,18
Hexagon (Germany),company,18
Manfred Lautenschläger-Stiftung,other,18
Dissens – Institut für Bildung und Forschung,other,18
Fachhochschule für Rechtspflege Nordrhein Westfalen,education,18
Biozoon (Germany),company,18
Siegert Electronic (Germany),company,18
Rieter (Germany),company,18
Europäisches Centrum für Mechatronik (Germany),company,18
Admedes (Germany),company,18
Landesforst Mecklenburg‑Vorpommern,other,18
Sustainum Institut (Germany),company,18
"Ministerium für Wirtschaft, Arbeit und Wohnungsbau Baden-Württemberg",government,18
Hochschuldidaktischen Zentrum Sachsen,education,18
CytoTools (Germany),company,18
Center of Maritime Technologies,facility,18
UL (Germany),company,18
Institut für Angewandte Innovationsforschung,facility,17
ROWO Coating (Germany),company,17
EuroPhoton (Germany),company,17
Institute for Competitive Recruiting,other,17
Max Planck Center for Visual Computing and Communication,facility,17
Münchner Stadtbibliothek,archive,17
Eomap (Germany),company,17
BTK University of Arts & Design,education,17
Bundesverband der Deutschen Ziegelindustrie,other,17
Berliner Krebsgesellschaft,nonprofit,17
Data:Lab Munich (Germany),company,17
Serumwerk Bernburg (Germany),company,17
Kunsthochschule Berlin-Weißensee,education,17
PI Photovoltaik-Institut (Germany),company,17
gkv informatik (Germany),company,17
Stoller Ingenieurtechnik (Germany),company,17
Chiesi (Germany),company,17
Landesdenkmalamt Baden Württemberg,archive,17
Institut für Prävention und Nachsorge,other,17
DRK Krankenhaus Alzey,healthcare,17
EQUIcon (Germany),company,17
Project in Solar Energy (Germany),company,17
Grammer (Germany),company,17
Vallon (Germany),company,17
PharmaFGP (Germany),company,17
Studiengesellschaft für Eisenerzaufbereitung (Germany),company,17
IKK Classic,healthcare,17
Reaction Biology (Germany),company,17
German Adult Education Association,education,17
Hochtemperatur-Kernkraftwerk (Germany),company,17
Gesellschaft für Bioanalytik Münster,nonprofit,17
Novasep (Germany),company,17
ZOZ Group (Germany),company,17
Gazprom (Germany),company,17
Deutsche Telekom Stiftung,nonprofit,17
Advanced Simulation & Design (Germany),company,16
Atlas Biolabs (Germany),company,16
Bund gegen Alkohol und Drogen im Straßenverkehr,nonprofit,16
European Climate Foundation,other,16
Chromasens (Germany),funder,16
Ingeneric (Germany),company,16
Schwarzwaldmilch Freiburg (Germany),company,16
Germanisches Nationalmuseum,archive,16
Measurement Specialties (Germany),company,16
Ascora (Germany),company,16
Schweißtechnische Lehr- und Versuchsanstalt Nord,education,16
KHD Humboldt Wedag (Germany),company,16
Hessen Agentur (Germany),company,16
Ifm electronic (Germany),company,16
Holzbau Deutschland-Institut,education,16
Woodward (Germany),company,16
European Virtual Institute for Integrated Risk Management,other,16
pfm medical (Germany),company,16
Hals- Nasen- und Ohrenklinik Gießen,healthcare,16
Kostal (Germany),company,16
Medicyte (Germany),company,16
Jowat (Germany),company,16
IVU Traffic Technologies (Germany),company,16
Vaximm (Germany),company,16
Deutsches Institut für Feuerfest und Keramik,company,16
RWTÜV (Germany),company,16
Forschungsanstalt für Waldökologie und Forstwirtschaft,facility,16
Pall Corporation (Germany),company,16
Landtag of North Rhine-Westphalia,government,16
Genevention (Germany),company,16
Forschungs- und Entwicklungszentrum Fachhochschule Kiel (Germany),company,15
Volvo (Germany),company,15
Mercator Research Center Ruhr,funder,15
Kompetenznetz Darmerkrankungen,other,15
Disy (Germany),company,15
Inburex Consulting,company,15
BPE Unternehmensbeteiligungen (Germany),company,15
Nuremberg University of Music,education,15
Rehazentrum Wilhelmshaven,other,15
Dürr Dental (Germany),company,15
AWO Bundesverband,nonprofit,15
Aquanova (Germany),company,15
Börsenverein des Deutschen Buchhandels (Germany),company,15
Vemac (Germany),company,15
Berufsfortbildungswerk,company,15
Alber (Germany),company,15
Strathmann (Germany),company,15
NTT (Germany),company,15
Stadtwerke Duisburg (Germany),company,15
Verum - Foundation for Behaviour and Environment,other,15
S&N (Germany),company,15
SRH Berlin School of Design and Communication,education,15
Federation of German Consumer Organisations,nonprofit,15
Fritz Bender Stiftung,other,15
Deutsche Kinderkrebsstiftung,other,15
Brasseler (Germany),company,15
Given Imaging (Germany),company,15
Hochschulbibliothekszentrum des Landes Nordrhein-Westfalen,facility,15
Sächsisches Staatsarchiv,archive,15
Funkwerk (Germany),company,15
Institut für Europäische Gesundheits- und Sozialwirtschaft,other,15
Institut für Umwelttechnologien und Strahlenschutz (Germany),company,15
Eisenhuth (Germany),company,15
Advanced Optics Solutions (Germany),company,15
Assystem (Germany),company,15
European Research Group on Environment and Health in the Transport Sector,other,15
Coloplast (Germany),company,15
Myelo Therapeutics (Germany),company,15
KLS Martin (Germany),company,15
BELECTRIC (Germany),company,14
Kodak (Germany),company,14
Theodor Fliedner Foundation,other,14
Hamburg Institute for Therapy Research,healthcare,14
Forschungsgemeinschaft Feuerfest,facility,14
Deichmann (Germany),company,14
Amedon (Germany),company,14
Institut für Biomedizinische Analytik und NMR Imaging (Germany),company,14
Stiftung Alfried Krupp Kolleg Greifswald,nonprofit,14
Robugen (Germany),company,14
Institut für Entwicklungsplanung und Strukturforschung (Germany),company,14
Spetec (Germany),company,14
AppPeople (Germany),company,14
Hamburgische Investitions- und Förderbank,other,14
MKS Instruments (Germany),company,14
Philosophisch-Theologische Hochschule SVD St. Augustin,education,14
Jülicher Entsorgungsgesellschaft für Nuklearanlagen (Germany),company,14
Arioso Systems (Germany),company,14
"Ministerium für Wissenschaft, Forschung und Kunst Baden-Württemberg",government,14
CINOGY Technologies (Germany),company,14
Chemometrix (Germany),company,14
Pharis Biotec (Germany),company,14
Steuler (Germany),company,14
Synimmune (Germany),company,14
European Research and Project Office,other,14
Eaton (Germany),company,14
LTS Lohmann Therapie-Systeme (Germany),company,14
Duchess Anna Amalia Library,archive,14
Stada Arzneimittel (Germany),company,14
SB Science Management,education,14
Curetis (Germany),company,14
Dresden Academy of Fine Arts,education,14
Evangelical Church of Westphalia,other,14
FCT Systeme (Germany),company,14
Materialise (Germany),company,14
Stiftung der Deutschen Wirtschaft,nonprofit,14
Institut für Angewandte Bauforschung Weimar,nonprofit,14
Helios Kliniken Mittelweser,healthcare,14
Syntellix (Germany),company,14
Engage (Germany),company,14
Flabeg (Germany),company,14
Bauerfeind (Germany),company,13
Fachhochschule für Finanzen Nordrhein Westfalen,education,13
RWP (Germany),company,13
Hennig Arzneimittel (Germany),company,13
Competence Network Multiple Sclerosis,other,13
Landesinstitut für Pädagogik und Medien,education,13
Gesundheitsnetz Rhein-Neckar,nonprofit,13
Tsubaki (Germany),company,13
Assheuer + Pott (Germany),company,13
Kuraray (Germany),company,13
Tracto-Technik (Germany),company,13
Garmin (Germany),company,13
Pro-Implant Foundation,nonprofit,13
Institut für Sozialpädagogische Forschung Mainz,nonprofit,13
GISMA Business School,education,13
"Institut für Klimaschutz, Energie und Mobilität",nonprofit,13
Association of German Banks,other,13
"Magnetic Resonance Institute for Safety, Technology and Research",facility,13
LLA Instruments (Germany),company,13
Sandvik (Germany),company,13
Rittal (Germany),company,13
MeVis BreastCare (Germany),company,13
CellAct Pharma (Germany),company,13
Hessen Mobil – Straßen- und Verkehrsmanagement,government,13
Berliner Stadtreinigungsbetriebe (Germany),company,13
Extend3D (Germany),company,13
Institut für Angewandte Verkehrs- und Tourismusforschung (Germany),company,13
Hanseatic University Rostock,education,13
German Musicological Society,other,13
Active Space Technologies (Germany),company,13
Innowep (Germany),company,13
Linguatec (Germany),company,13
Vereinigung Analytischer Kinder- und Jugendlichen-Psychotherapeuten,nonprofit,13
Open Knowledge Foundation Deutschland,nonprofit,13
Trossingen University of Music,education,13
Truma (Germany),company,13
Cetex (Germany),company,13
Nuclear Physics European Collaboration Committee,other,13
SFC Energy (Germany),company,13
Helmholtz International Center for FAIR,nonprofit,13
"Institut für Abfall, Abwasser, Site und Facility Management",other,13
Klaus Tschira Foundation,nonprofit,13
Einstein Foundation,other,13
German open Business School,education,13
Autoflug (Germany),company,13
Sony (Germany),company,13
Cicor (Germany),company,13
Deutsche Amphibolin-Werke (Germany),company,13
Bremen Overseas Research & Development Association,nonprofit,12
Deutsche Multiple Sklerose Gesellschaft,other,12
Hochschule der Polizei Rheinland Pfalz,education,12
Bavarian State Ministry for Science and Art,government,12
Schwan-Stabilo (Germany),company,12
Pirelli (Germany),company,12
BEGO Implant Systems (Germany),company,12
KRONOS (Germany),company,12
Hochschule für Musik Saar,education,12
Industrieverband Feuerverzinken (Germany),company,12
German Hygiene Museum,archive,12
Institut Dr Schrader Creachem,facility,12
Akademie Überlingen (Germany),company,12
Institut für Sozialforschung und Sozialplanung,facility,12
Diebold Nixdorf (Germany),company,12
Dietmar Hopp Stiftung,other,12
Institut Dr. Schauerte,facility,12
European Geosciences Union,nonprofit,12
Staatsinstitut für Schulqualität und Bildungsforschung,education,12
Brick and Tile Research Institute,nonprofit,12
Klinik St. Irmingard,healthcare,12
Vitronic (Germany),company,12
TUI (Germany),company,12
Immutep (Germany),company,12
Mössner (Germany),company,12
Lübeck Academy of Music,education,12
ProCom (Germany),company,12
Katholisches Klinikum Ruhrgebiet Nord GmbH,healthcare,12
Biota Institut für ökologische Forschung und Planung (Germany),company,12
Fachhochschule Clara Hoffbauer Potsdam,education,12
Rohm (Germany),company,12
Geuder (Germany),company,12
Phenox (Germany),company,12
Concentris (Germany),company,12
GEA Group (Germany),company,12
Proton Motor (Germany),company,12
Saxon Memorial Foundation,nonprofit,12
HaCon (Germany),company,12
VNG (Germany),company,12
Sirtex (Germany),company,12
BOS (Germany),company,12
Trelleborg (Germany),company,12
"Hessisches Ministerium für Umwelt, Klimaschutz, Landwirtschaft und Verbraucherschutz",government,12
Bavarian State Archives,archive,12
ERGONOMIC Institut für Arbeits- und Sozialforschung Forschungsgesellschaft (Germany),company,12
Grimme Institut,nonprofit,12
Independent Institute for Environmental Issues,nonprofit,12
JenaBatteries (Germany),company,12
Steca Elektronik (Germany),company,12
Enercity (Germany),company,12
Q Bioanalytic (Germany),company,12
Nice Solar Energy (Germany),company,12
Implantcast (Germany),funder,12
Zentrum Digitalisierung.Bayern,government,11
Gesellschaft für Thrombose- und Hämostaseforschung,nonprofit,11
Saarbrücken Stadtwerke (Germany),company,11
Max Planck - Harvard Research Center for the Archaeoscience of the Ancient Mediterranean,facility,11
BME Bergmann (Germany),company,11
Landesarchiv Nordrhein-Westfalen,archive,11
German Broadcasting Archive,nonprofit,11
Energieversorgungs und Verkehrsgesellschaft Aachen (Germany),company,11
Carl Cloos Schweißtechnik (Germany),company,11
Museum am Schölerberg,archive,11
Edacentrum,facility,11
Schölly (Germany),company,11
Nidec (Germany),company,11
Institut für Postfossile Logistik,facility,11
Anfomed Society for Applied Research in Medicine,other,11
Bundesverband Selbstständiger Physiotherapeuten,other,11
Becker Photonik (Germany),company,11
Flucon Fluid Control (Germany),company,11
Awite Bioenergie (Germany),company,11
Huntsman (Germany),company,11
Akademie Für Osteopathie,nonprofit,11
Reha-Zentrum Bad Frankenhausen,healthcare,11
Institut für Praxisforschung und Projektberatung,nonprofit,11
Forward Pharma (Germany),company,11
Rhein-Main-Verkehrsverbund,company,11
Ernst Busch Academy of Dramatic Arts,education,11
Education and Science Workers' Union,other,11
Das Onkologische und Palliativmedizinische Netzwerk Landshut,other,11
CarboTech (Germany),company,11
NewConceptOncology (Germany),company,11
Excelitas Technologies (Germany),company,11
Hettich (Germany),company,11
Facit Research (Germany),company,11
Staatliche Lehr- und Versuchsanstalt für Gartenbau,education,11
Emovis,facility,11
Bundesverband Freier Radios,other,10
Städel Museum,archive,10
Technomar (Germany),company,10
European Aviation Safety Agency,government,10
Psychologische Praxengemeinschaft,other,10
Ministerium für Umwelt und Verbraucherschutz,government,10
Piezosystem Jena (Germany),company,10
Autarcon (Germany),company,10
Landesinstitut für Schule und Medien Berlin-Brandenburg,education,10
Acino International (Germany),company,10
PharmaZell (Germany),company,10
Hochschule für Kunsttherapie Nürtingen,education,10
Mesocosm,facility,10
Töpfer (Germany),company,10
Institut Stadt I Mobilität I Energie (Germany),company,10
Joyson Safety Systems (Germany),company,10
Daimler and Benz Foundation,other,10
Corlife (Germany),company,10
Institut für Mittelstandsforschung,facility,10
Patrys (Germany),company,10
Fachhochschule für Verwaltung und Dienstleistung,education,10
Integrierte Forschungs- und Behandlungszentren,facility,10
Allgemeine Elektrizitäts Gesellschaft (Germany),company,10
Ormazabal (Germany),company,10
Academy of Sciences and Humanities in Hamburg,other,10
Berlin-Institut für Bevölkerung und Entwicklung,nonprofit,10
FIVE - Forschungs- und Innovationsverbund an der Evangelischen Hochschule Freiburg,education,10
ICM Chemnitz,facility,10
Industrielle Steuerungstechnik (Germany),company,10
Niedersächsisches Institut für frühkindliche Bildung und Entwicklung,education,10
IX-Factory (Germany),company,10
"Bavarian Ministry of Economic Affairs and Media, Energy and Technology",government,10
Kuratorium für Technik und Bauwesen in der Landwirtschaft,other,10
Staatliche Kunsthalle Karlsruhe,archive,10
rgb Onkologisches Management,other,10
HPO Research Group,facility,10
Smith & Nephew (Germany),company,10
Textron Systems (Germany),company,10
SURAGUS (Germany),company,10
Environmental Action Germany,nonprofit,10
German Museum of Technology,archive,10
Institute for the History of the German Jews,archive,9
Cleopa (Germany),company,9
Historical Archive of the City of Cologne,archive,9
DBI - Gastechnologisches Institut,other,9
German Federal Chancellery,government,9
Institut für Umweltplanung und Raumentwicklung,other,9
Deutsche Gesellschaft für Traditionelle Chinesische Medizin,other,9
International Mathematical Union,nonprofit,9
YellowMap (Germany),company,9
Federal Aviation Office,government,9
Hyperstone (Germany),company,9
Stuttgarter Straßenbahnen (Germany),company,9
European Meteorological Society,nonprofit,9
Tecnaro (Germany),company,9
Francotyp Postalia (Germany),company,9
Arbeitsgemeinschaft für Krebsbekämpfung,other,9
Stiftung Umweltenergierecht,facility,9
Homann-Stiftung,nonprofit,9
Capio Clinic in the Park,healthcare,9
Bau- und Liegenschaftsbetrieb des Landes Nordrhein-Westfalen (Germany),company,9
Intersurgical (Germany),company,9
Stiftung Sozialpädagogisches Institut,other,9
PV Crystalox Solar (Germany),company,9
Landesamt für Denkmalpflege Sachsen,government,9
Adelphi Consult (Germany),company,9
Landesarchiv Sachsen-Anhalt,archive,9
"Landesbetrieb für Küstenschutz, Nationalpark und Meeresschutz Schleswig-Holstein",government,9
Pfalzwerke (Germany),company,9
Grifols (Germany),company,9
Institute for Sound & Music,nonprofit,9
Hamburger Kunsthalle,archive,9
Studsvik (Germany),company,9
Beckmann-Institut für Technologieentwicklung,nonprofit,9
Institut für Verhaltenstherapie-Ausbildung Hamburg,nonprofit,9
Institut Virion\\Serion,facility,9
Burg Giebichenstein University of Art and Design Halle,education,9
Photonamic (Germany),company,9
Institut für Diagnostik und Konservierung an Denkmalen in Sachsen und Sachsen-Anhalt,facility,9
Muthesius University of Fine Arts and Design,education,9
Betrieb für InformationsTechnologie,company,9
Eyesense (Germany),company,9
Hernienzentrum Rottenburg am Neckar,healthcare,9
Association of German Agricultural Analytic and Research Institutes,other,9
Institut für Angewandte Funksystemtechnik (Germany),company,9
Colour Control Farbmesstechnik (Germany),company,9
Hochschule für Künste im Sozialen,education,9
Energie Aus Der Mitte (Germany),company,9
QUIRIS Healthcare,healthcare,9
Simcon kunststofftechnische Software (Germany),company,9
Komet Group (Germany),company,9
MinebeaMitsumi (Germany),company,9
Heckmann (Germany),company,9
Dr. Kade Pharmazeutische Fabrik (Germany),company,9
DK Recycling und Roheisen (Germany),company,9
West Pharmaceuticals (Germany),company,9
Gesellschaft für Pädagogik und Information,education,9
VKTA,facility,9
Science on Stage Europe,nonprofit,9
Stiftung Warentest,other,9
Stiebel Eltron (Germany),company,9
Wista (Germany),company,9
Battelle Ingenieurtechnik (Germany),company,9
Verband kommunaler Unternehmen,other,9
Bavarian Research Foundation,government,9
Alanod (Germany),company,9
Fabmatics (Germany),company,8
Landesamt für Soziales und Versorgung des Landes Brandenburg,government,8
MIMOT (Germany),company,8
Kyocera (Germany),company,8
DermaTronnier,facility,8
TherapySelect (Germany),company,8
Balance Technology Consulting,company,8
HQ-Dielectrics (Germany),company,8
Bwcon (Germany),company,8
Medizinisches Wirtschaftsinstitut,other,8
KME (Germany),funder,8
The SILVA Ribosomal RNA Database Project,archive,8
"Ministerium für Soziales, Arbeit, Gesundheit und Demografie",government,8
Jüdisches Museum,archive,8
Gehrlicher (Germany),company,8
Medizinischer Fakultätentag,nonprofit,8
DMG Mori (Germany),company,8
Grieshaber (Germany),company,8
Metronix (Germany),company,8
Kemira (Germany),company,8
Socialdata (Germany),company,8
Institut für Textiltechnik Augsburg (Germany),company,8
Baden-Württemberg Stiftung,other,8
Leipziger Institut für Energie,facility,8
GTC Kappelmeyer (Germany),company,8
Raytheon Technologies (Germany),company,8
Hautok + Hautok Cosmetics,healthcare,8
ColVisTec (Germany),company,8
Megger (Germany),company,8
Forschungsvereinigung für Luft- und Trocknungstechnik,funder,8
K-UTEC Salt Technologies (Germany),company,8
Va-Q-tec (Germany),company,8
"Ministerium für Umwelt, Energie, Ernährung und Forsten Rheinland Pfalz",government,8
Procon (Germany),company,8
European Academy for Standardisation,nonprofit,8
Hamburg Institute for Vocational Education and Training,education,8
Clyde Bergemann Power Group,funder,8
Vallen Systeme (Germany),company,8
Medien- und Filmgesellschaft Baden-Württemberg,facility,8
CosmoCode (Germany),company,8
Institut für Zukunftsorientierte Arbeitsgestaltung (Germany),company,8
Niedersächsisches Ministerium für Wissenschaft und Kultur,government,8
Gesteinslabor Dr. Eberhard Jahns,facility,8
Bochumer Institut für Technologie (Germany),company,8
Radex Heraklith Industriebeteiligungs (Germany),company,8
Actelion (Germany),company,8
Hollister (Germany),company,8
Akasol (Germany),company,8
Alexion (Germany),company,8
Consentec (Germany),company,8
Ethicare (Germany),company,8
Centre for European Security Strategies,other,8
HOBAS (Germany),company,8
Biedermann Motech (Germany),company,8
ForWind Zentrum für Windenergieforschung,facility,8
Deutsches Kupferinstitut Berufsverband,other,8
Collective Leadership Institute,nonprofit,8
BIOP Institute,facility,7
Amphenol (Germany),company,7
AkzoNobel (Germany),company,7
Archiv der Jugendkulturen,other,7
Misereor,nonprofit,7
MAN (Germany),company,7
Deutsches Institut für Telemedizin und Gesundheitsförderung,facility,7
Kooperationsstelle Hamburg,other,7
GS Elektromed. Geräte G. Stemple (Germany),company,7
Institut für Beschäftigung und Employability,other,7
Aurelius AG (Germany),company,7
Deutsche Zöliakie-Gesellschaft e.V.,other,7
"Sächsisches Staatsministerium für Energie, Klimaschutz, Umwelt und Landwirtschaft",government,7
Aesthetico,healthcare,7
Staatsgalerie Stuttgart,archive,7
"Deutsche Gesellschaft für Zahn-, Mund- und Kieferheilkunde",other,7
Kleinwächter (Germany),company,7
Senior Flexonics (Germany),company,7
Argus Umweltbiotechnologie (Germany),company,7
4SC (Germany),company,7
IQM (Germany),company,7
CreaPhys (Germany),company,7
Stadtwerke Bad Urach (Germany),government,7
Electrolux (Germany),company,7
Dialysezentrum Potsdam,facility,7
Andritz (Germany),company,7
Glen Dimplex (Germany),company,7
Virtual Dimension Center,other,7
WS (Germany),company,7
Technologiestiftung Berlin,other,7
Roehm (Germany),company,7
geniaLab (Germany),company,7
Getinge (Germany),company,7
HYDROMOD Scientific Consulting,other,7
Institut für Mikroökologie,facility,7
ISO Arzneimittel (Germany),company,7
Cv Cryptovision (Germany),company,7
Naturland,other,7
Sarkoidose Stiftung,nonprofit,7
Familie Mehdorn Stiftung,nonprofit,7
ECOLOG-Institut für sozial-ökologische Forschung und Bildung,nonprofit,7
Gematik Gesellschaft für Telematikanwendungen der Gesundheitskarte,nonprofit,7
"Institute of Biogas, Waste Management and Energy (Germany)",company,7
Samsung (Germany),company,7
Research Institute for Music Theater Studies,education,7
Teleport Sachsen-Anhalt,company,7
Gestamp (Germany),company,7
Deutsche AIDS-Gesellschaft,nonprofit,7
Research Institute for the Economics of Education and Social Affairs,other,7
International Game Technology (Germany),company,7
QD Laser (Germany),company,7
Holota Optics (Germany),company,7
FormFactor (Germany),company,7
Vygon (Germany),company,7
"Niedersächsisches Ministerium für Umwelt, Energie und Klimaschutz",government,7
Institute for Social Research and Project Consultancy,facility,7
Pflüger (Germany),company,6
Rechenkraft.net,nonprofit,6
Össur (Germany),company,6
German Solar Association,other,6
Safran (Germany),company,6
Frankfurter Institut für Nachhaltige Entwicklung,other,6
Brandenburg-Berliner Institut für Sozialwissenschaftliche Studien,nonprofit,6
Hilfe für krebskranke Kinder Frankfurt,other,6
Mainzer Stadtwerke (Germany),company,6
"Ministerium für Kultus, Jugend und Sport Baden-Württemberg",government,6
Novitas BKK (Germany),company,6
Raytek (Germany),company,6
Institute for applied Biology and Landscape Planning,facility,6
Wärtsilä (Germany),company,6
Martechnic (Germany),company,6
SmarAct (Germany),company,6
Chemie³ (Germany),company,6
Solarzentrum Stuttgart (Germany),company,6
Gewerbliche Institut für Umweltanalytik (Germany),company,6
Institut für Angewandte Produktions-Technologie (Germany),company,6
Maritime Wirtschafts- und Schiffbauforschung (Germany),company,6
Ostwestfälisches Institut für Innovative Technologien in der Automatisierungstechnik (Germany),company,6
Forschungsinstitut für Logistik,facility,6
DMG (Germany),company,6
Zydolab - Institut für Zytologie und Immunzytochemie,facility,6
Wirtgen (Germany),company,6
Niedersächsisches Ministerium für Inneres und Sport,government,6
Kaneka (Germany),company,6
Verkehrsinstitut München,other,6
Merete (Germany),company,6
Deutsche Gesellschaft für Parkinson und Bewegungsstörungen,nonprofit,6
Micromun,facility,6
Wirbelsäulen-Institut München,healthcare,6
Carl Friedrich von Siemens Stiftung,other,6
Deutsche Initiative für Netzwerkinformation,nonprofit,6
Navitas Life Sciences (Germany),company,6
ORYX (Germany),company,6
Michael Foundation,other,6
Illinois Tool Works (Germany),company,6
Aptar (Germany),company,6
Lhoist (Germany),company,6
Biametrics (Germany),company,6
MAX Automation (Germany),company,6
Kybernetische Organisation Planung Führung,other,6
Aus- und Weiterbildungseinrichtung für Klinische Verhaltenstherapie,healthcare,6
MicroLS (Germany),company,6
Bavarian National Museum,archive,6
DEEP.KBB (Germany),company,6
ISRA Vision Parsytec (Germany),company,6
Johann Adam Möhler Institute for Ecumenism,education,6
AmpTec (Germany),company,6
Staats- und Stadtbibliothek Augsburg,archive,6
Grohe (Germany),company,6
DOCxcellence (Germany),company,6
Industrievereinigung Kunststoffverpackungen,other,6
Oelheld (Germany),company,6
Schunk Carbon Technology (Germany),company,6
Europäische Melanchthon Akademie Bretten,archive,6
Stadtwerk Haßfurt (Germany),company,6
Alliance for European Diabetes Research,nonprofit,6
Institut für Berufs- und Sozialpädagogik,education,6
Wissenschaftliche Stadtbibliothek Mainz,archive,6
Zambon (Germany),company,6
Moog (Germany),company,6
European Association for Renewable Energy,other,6
Cornelsen (Germany),company,6
Inhouse Engineering (Germany),company,6
Dommuseum Hildesheim,archive,6
QualiMed (Germany),company,6
Kerntechnische Hilfsdienst (Germany),company,6
Solvis (Germany),company,6
Poliklinik für Zahnärztliche Prothetik mit Propädeutik,healthcare,6
German Data Forum,other,6
Museumslandschaft Hessen Kassel,archive,6
Arbeiterwohlfahrt München,nonprofit,6
Kuhn Special Steel (Germany),company,6
Smiths Group (Germany),company,6
Bagilstein (Germany),company,6
Harms & Wende (Germany),company,6
Forschungszentrum Ultraschall,facility,6
Groz Beckert (Germany),company,5
Institut für Wasserwirtschaft Siedlungswasserbau und Ökologie,facility,5
Kombiverkehr (Germany),company,5
Kion Group (Germany),company,5
Mineralbrunnen Überkingen Teinach Beteiligungs,company,5
Wirtschaftsförderung Region Stuttgart,government,5
MicroTEC (Germany),company,5
Hessische Zentrale für Datenverarbeitung,government,5
Centre for Advanced Laser Applications,funder,5
Almased (Germany),company,5
Academy of Fine Arts Münster,education,5
BilSE - Institut für Bildung und Forschung,education,5
Avaya (Germany),company,5
Brost Stiftung,nonprofit,5
Clinlogix (Germany),company,5
Boeing (Germany),company,5
Glötzl (Germany),company,5
Optana (Germany),company,5
Klett Gruppe (Germany),company,5
Institut für Automobilwirtschaft,facility,5
Raumedic (Germany),company,5
Triumph Adler (Germany),company,5
Intego (Germany),company,5
Institute for Foreign Cultural Relations,other,5
Hamburg Archaeological Museum,archive,5
IT Consult,company,5
Papenmeier (Germany),company,5
Aixtooling (Germany),company,5
Tadiran Batteries (Germany),company,5
Betonsteinwerk Heide (Germany),company,5
Internationales Institut für Sozio-Informatik,facility,5
Knowledge Raven Management (Germany),company,5
GS1 Germany,nonprofit,5
Korian (Germany),company,5
Preh (Germany),company,5
Nemetschek (Germany),company,5
Leppermühle,other,5
Renewable Energies Agency,other,5
Museum of Art and Design Hamburg,archive,5
Bach Archiv Leipzig,archive,5
German Machine Tool Builders Association,other,5
Archives School Marburg,education,5
Pentracor (Germany),company,5
Deutsches Stiftungszentrum,nonprofit,5
Landesmuseum Württemberg,archive,5
Elefanten Apotheke,other,5
Rostock University of Music and Theatre,education,5
enablingMNT (Germany),company,5
Bremerhaven Economic Development (Germany),funder,5
Stiftung Leben mit Krebs,nonprofit,5
Progenius,education,5
Indutherm Erwärmungsanlagen (Germany),company,5
Sensient Technologies (Germany),company,5
Berufsforschungs- und Beratungsinstitut für interdisziplinäre Technikgestaltung,nonprofit,5
Berufsförderungszentrum Essen,education,5
SOLINET,company,5
Institut für Medizinische Diagnostik Berlin-Potsdam,facility,5
Landesinstitut für Präventives Handeln,other,5
Skin Cancer Council Germany,nonprofit,5
Colt International (Germany),company,5
Institut für Umweltwirtschaftsanalysen Heidelberg,facility,5
Evestra (Germany),company,5
Pestel Institut,facility,5
Innovative System und Informationstechnologien (Germany),company,5
Lesswire (Germany),company,5
Dover (Germany),company,5
ASYS Group (Germany),company,5
Hessische Lehrkräfteakademie,education,5
Ennovatis (Germany),company,5
Essity (Germany),funder,5
Fiedler Optoelektronik (Germany),company,5
Stadtbibliothek Nürnberg,archive,5
Inno (Germany),company,5
Heusch Boesefeldt (Germany),company,5
Bombastus-Werke (Germany),company,5
Vdlconsult,company,5
"Ministerium für Umwelt, Landwirtschaft und Energie des Landes Sachsen-Anhalt",government,5
Stiftung Berliner Sparkasse,nonprofit,5
BIOTECmarin (Germany),company,5
Mannheim University of Music and Performing Arts,education,5
KACO New Energy (Germany),company,5
"Internationales Institut für Nachhaltiges Energiemanagement, Politik, Risiko und Soziale Innovationen",education,5
Flex (Germany),company,5
European Foundation for the Study of Diabetes,nonprofit,4
Salus-Fachklinikum Uchtspringe Klinik für Allgemeine Psychiatrie und Psychotherapie,healthcare,4
"Ministerium für Wissenschaft, Forschung und Kultur",government,4
Isogen (Germany),company,4
Kassenärztliche Vereinigung Sachsen-Anhalt,other,4
JRC Capital Management (Germany),company,4
CytoSorbents (Germany),company,4
Pharma Stulln (Germany),company,4
Stadtarchiv Erfurt,archive,4
Medien Management Institut,education,4
Schiller International University,education,4
Society for Biomedical Diabetes Research,healthcare,4
Institut für Wasser und Boden Dr. Uhlmann,facility,4
Pfaff Industriemaschinen (Germany),company,4
Industrial Research & Engineering (Germany),company,4
Hector-Stiftung,nonprofit,4
Deutsche Arthrose-Hilfe,nonprofit,4
Verband Europäischer Ayurveda-Mediziner & Therapeuten,nonprofit,4
KOB (Germany),company,4
Pflegewerk (Germany),company,4
Wilhelm Sander Stiftung,nonprofit,4
European Association of Development Research and Training Institutes,nonprofit,4
Kleinewefers Kunststoffanlagen (Germany),company,4
Research Institute for Baker’s Yeast,facility,4
Helmholtz Graduate School for Hadron and Ion Research,funder,4
Finanzministerium des Landes Schleswig-Holstein,government,4
Deutsche Wissenschaftliche Gesellschaft für Erdöl Erdgas und Kohle,other,4
Rexrodt von Fircks Stiftung,other,4
Institut für Arbeitswissenschaft und Unternehmensoptimierung (Germany),company,4
Lürssen (Germany),company,4
Wissenschaftliche Gesellschaft Freiburg,other,4
Humanetics (Germany),company,4
EHI Retail Institute (Germany),company,4
"Ministry of Economy, Science and Digitalisation",government,4
Lahntalklinik,healthcare,4
INFICON (Germany),company,4
Chica and Heinz Schaller Foundation,nonprofit,4
Mathe im Leben,nonprofit,4
European Society for Surgical Research,nonprofit,4
Peppermint (Germany),company,4
SpectrumK (Germany),company,4
District Heating Research Institute,facility,4
NRU Präzisionstechnologie (Germany),company,4
MKmetric (Germany),company,4
Bundesverband Medizintechnologie,other,4
Vitec (Germany),company,4
Bregau (Germany),company,4
Wallraf–Richartz-Museum,archive,4
Deutsche Gesellschaft für Galvano- und Oberflächentechnik,nonprofit,4
HighFinesse (Germany),company,4
Hildegard Grunow Foundation,nonprofit,4
Alcoa (Germany),company,4
Deutsche Angestellten-Akademie,education,4
Stadtarchiv Mainz,archive,4
Onkotrakt (Germany),company,4
Institute of Applied Building Informatics,nonprofit,4
Centre de Coopération Universitaire Franco-Bavarois,funder,4
GHD GesundHeits GmbH Deutschland (Germany),company,4
Leotech Rapid Prototyping und Werkzeugbau (Germany),company,4
Hanseatic Wirtschaftsarchiv,archive,4
Synexus (Germany),company,4
"Food, Beverages and Catering Union",other,4
Center of Applied Aeronautical Research,facility,4
Biomer (Germany),company,4
Stephanus Stiftung,nonprofit,4
Roxall (Germany),company,4
Hochschule für Gesundheitsorientierte Wissenschaften Rhein-Neckar,education,4
Bundeskunsthalle,archive,4
Forschungsinstitut für innovative Arbeitsgestaltung und Prävention,nonprofit,4
Richard-Strauss-Institut,archive,4
CBL (Germany),company,4
Therapeutische Drug Monitoring Kinder-und Jugendpsychiatrie,healthcare,4
Atlantec Enterprise Solutions (Germany),company,4
"Ministerium für Wirtschaft, Arbeit, Energie und Verkehr",government,4
International Technology Products,company,4
Institut für gewerbliche Wasserwirtschaft und Luftreinhaltung (Germany),company,4
Swarco (Germany),company,4
Hausärzteverband Sachsen-Anhalt,other,4
GABO:mi,company,4
Förderverein Hilfe bei Prostatakrebs,nonprofit,4
Institut für alternative und nachhaltige Ernährung,other,4
Institut für Kommunikation und Wirtschaftsbildung,education,4
Sächsische Krebsgesellschaft,other,4
AMW (Germany),company,4
Renewable Energy Research Association,facility,4
Dr. Rolf M. Schwiete Stiftung,nonprofit,3
Ostbayerisches Technologie-Transfer-Institut,nonprofit,3
Forschungszentrum für Kältetechnik und Wärmepumpen,facility,3
Medi (Germany),company,3
Fürstenberg Institut (Germany),company,3
Arbeitsgemeinschaft Sozialwissenschaftlicher Institute,nonprofit,3
KCI (Germany),company,3
Dittel Avionik (Germany),company,3
EEW Energy from Waste,company,3
TMG Research,nonprofit,3
Institut für Ausbildung Jugendlicher,education,3
H2 Mobility (Germany),company,3
Aktion Mensch,nonprofit,3
HBW-Gubesch Kunststoff-Engineering (Germany),company,3
Ministerium für Kultur und Wissenschaft des Landes Nordrhein-Westfalen,government,3
Aap Implantate (Germany),company,3
Dopavision (Germany),company,3
ARES Energiesysteme (Germany),company,3
Mucos Pharma (Germany),company,3
Pädea,other,3
World University Service,nonprofit,3
Bundesverband Druck und Medien,other,3
Lehr- und Versuchsanstalt für Viehhaltung Hofgut Neumühle,other,3
Institut für Kunststofftechnologie und -recycling,facility,3
Handwerkskammer Trier,other,3
German Foundation for Peace Research,other,3
Swabian Instruments (Germany),company,3
Gneuss (Germany),company,3
Documenta Archive,archive,3
Forschungsvereinigung Antriebstechnik,facility,3
Aachen Institute for Nuclear Training,facility,3
Herrenknecht Vertical (Germany),company,3
Meritor (Germany),company,3
CardioSec (Germany),company,3
Ministerium der Finanzen des Landes Sachsen-Anhalt,government,3
Privatbüro Plus,other,3
Deutsche Neurodermitis Stiftung,nonprofit,3
REFA Bundesverband,nonprofit,3
IBExU Institut für Sicherheitstechnik (Germany),company,3
Jürging (Germany),company,3
Harro Höfliger (Germany),company,3
Ministerium des Innern und für Sport Rheinland-Pfalz,government,3
Biedermann Technologies (Germany),company,3
German-Russian Interdisciplinary Science Center,funder,3
Die Senatorin für Kinder und Bildung,government,3
Arbeitsgruppe für regionale Struktur- und Umweltforschung,facility,3
Elena International (Germany),company,3
AFS Entwicklungs und Vertriebs (Germany),company,3
IOT Labs,facility,3
Minerva Stiftung,funder,3
Joimax (Germany),company,3
Zur Rose Pharma (Germany),company,3
Wanzl (Germany),company,3
Gobio (Germany),company,3
AMS (Germany),company,3
Codon (Germany),company,3
Evangelisches Studienwerk Villigst,nonprofit,3
Lehmbruck Museum,archive,3
Universitäts Kinder Frauenzentrum,healthcare,3
Oras (Germany),company,3
HausMed (Germany),company,3
Implandata Ophthalmic Products (Germany),company,3
Sanol (Germany),company,3
SEMA (Germany),company,3
PharmaCept (Germany),company,3
VOLTARIS (Germany),company,3
Baader Food Processing Machinery (Germany),company,3
Envigo (Germany),company,3
Amdocs (Germany),company,3
Urenco (Germany),company,3
Bavarian State Painting Collections,archive,3
Federal Motor Transport Authority,other,3
wfk - Cleaning Technology Institute,nonprofit,3
Institut für angewandte Forschung im Bauwesen,facility,3
Institute for Cultural Diplomacy,nonprofit,3
EControl-Glas (Germany),company,3
Irion and Junker Projektmanagement,company,3
Geltz Umwelt-Technologie (Germany),company,3
An-Institut für Transfer und Weiterbildung,education,3
Advanced Medical Solutions (Germany),company,3
Control Union Academy,education,3
Karen Horney Institut,nonprofit,3
Döpfer Schulen Regensburg,education,3
CTA Observatory,facility,3
Tegut (Germany),company,3
TLS Technik Spezialpulver (Germany),company,3
Nordfriisk Instituut,other,3
Consulectra (Germany),company,3
Focke & Co (Germany),company,3
Deutsche Migräne- und Kopfschmerzgesellschaft,other,3
Institut Für Arbeits- und Baubetriebswissenschaft (Germany),company,3
Landesanstalt für Kommunikation,other,3
GeoMobile (Germany),company,3
Adolf Messer Foundation,nonprofit,3
Investitionsbank Sachsen-Anhalt,other,3
Institut für Soziale Infrastruktur,education,3
Institut für Bauphysik und Bauchemie (Germany),company,3
Technologiezentrum Dresden (Germany),company,3
Helm (Germany),company,3
Ensinger Mineral-Heilquellen (Germany),company,3
Feuerwehr Brühl,government,3
Institut für Site und Facility Management,facility,3
BABCOCK Industry & Power (Germany),company,3
MRK Systeme (Germany),company,3
Hessisches Kultusministerium,government,3
Leonardo Büro Sachsen Anhalt,other,3
European Association of National Metrology Institutes,nonprofit,3
Bibliothek des Wissenschaftsparks Albert Einstein,archive,3
Norgine (Germany),company,3
Columbia Shipmanagement (Germany),company,3
AOA Apparatebau Gauting (Germany),company,3
ZNS Hannelore Kohl Stiftung,nonprofit,3
Neoperl (Germany),company,3
Berlinische Galerie,archive,3
Claussen Simon Stiftung,nonprofit,3
Turbon (Germany),company,3
Development Bank of Saxony,other,3
Fachklinik Weinböhla,healthcare,3
FEIG Electronic (Germany),company,3
ifp Consulting (Germany),company,3
Süddeutsche Zuckerrübenverwertungs-Genossenschaft (Germany),company,3
Berkenhoff (Germany),company,3
Amryt Pharma (Germany),funder,3
Institut für Qualitätssicherung von Stoffsystemen Freiberg,facility,3
Institut Psychologie und Bedrohungsmanagement,facility,3
IDEA (Germany),company,3
Hugo Grotius,nonprofit,3
Forschungsvereinigung Elektrotechnik beim ZVEI,other,3
KVB Institut für Konstruktion und Verbundbauweisen,facility,3
Fachhochschule der Sächsischen Verwaltung Meißen,education,3
OAS (Germany),company,3
Kurz (Germany),company,3
Rhei­nisch-Ber­gi­sche Ver­lags­ge­sell­schaft,other,3
Hessian Ministry for Science and the Arts,government,2
Reckitt Benckiser (Germany),company,2
Thüringisches Hauptstaatsarchiv Weimar,archive,2
Kiwa (Germany),company,2
Manroland (Germany),company,2
Bayerisches Staatsinstitut für Hochschulforschung und Hochschulplanung,facility,2
mmb Institut,facility,2
OVM/ECH Consulting Engineers (Germany),company,2
Diakonie Baden,other,2
HIZ Berlin,healthcare,2
Thyssengas (Germany),company,2
Berlin Partner for Business and Technology,other,2
Mammendorf Insitute for Physics and Medicine,facility,2
Verein zur Förderung Innovativer Verfahren in der Logistik,other,2
Bundesverband mittelständische Wirtschaft,other,2
Praxiszentrum Orthopädie Unfallchirurgie Nordrhein,healthcare,2
Naturstiftung David,other,2
"Institut für Innovation, Transfer und Beratung",other,2
Energie-Anlagen Berlin,other,2
Hochschule für öffentliche Verwaltung Rheinland-Pfalz,education,2
Stollmann (Germany),company,2
Active Bio Life Science (Germany),company,2
Gustav Stresemann Institute,nonprofit,2
"Thüringer Ministerium für Wirtschaft, Wissenschaft und Digitale Gesellschaft",government,2
Baden State Museum,archive,2
"Fachhochschule für öffentliche Verwaltung, Polizei und Rechtspflege des Landes Mecklenburg-Vorpommern",education,2
German Foundation for World Population,nonprofit,2
Deutsche Gesellschaft für Neurogastroenterologie und Motilität,other,2
TriOS Mess und Datentechnik (Germany),company,2
Boehringer Ingelheim Fonds,nonprofit,2
German Council for Scientific Information Infrastructures,other,2
Truetzschler (Germany),company,2
"Institut für Nachhaltige, Innovative und Angewandte Systemtechnik (Germany)",company,2
German University Association of Advanced Graduate Training,education,2
FMB Feinwerk- und Messtechnik (Germany),company,2
Informationszentrum für Sexualität und Gesundheit,nonprofit,2
Fachklinik St. Marienstift Dammer Berge,healthcare,2
Alimera Sciences (Germany),company,2
Zigpos (Germany),company,2
Hochschule für Finanzen Rheinland Pfalz,education,2
Bundesverband Naturkost Naturwaren,other,2
Bundesverband IT-Mittelstand,other,2
Bundesverbandes Keramische Industrie (Germany),company,2
Hessischer Volkshochschulverband,other,2
International Commission on Non-Ionizing Radiation Protection,nonprofit,2
Institut für Sicherheitstechnik / Schiffssicherheit,nonprofit,2
Ikv++ Technologies (Germany),company,2
World Childhood Foundation,other,2
Dr. Hönle (Germany),company,2
National Association of German Cooperative Bank,other,2
German Academy for Aviation and Travel Medicine,nonprofit,2
Eifelklinik Manderscheid,healthcare,2
SRH Hochschule für Logistik und Wirtschaft,education,2
Till-Eulenspiegel-Museum Schöppenstedt,archive,2
Glassomer (Germany),company,2
Institut für Korrosions- und Schadensanalyse Dr.-Ing. Sabine Schultze,other,2
IBZ - Salzchemie (Germany),company,2
K-Implant (Germany),company,2
IFU Privates Institut für Analytik (Germany),company,2
Geisteswissenschaftliche Zentren Berlin,other,2
TECE (Germany),company,2
Hanns R. Neumann Stiftung,nonprofit,2
Universum Bremen,archive,2
Institut für Freizeitwissenschaft und Kulturarbeit,nonprofit,2
E&L Medical Systems (Germany),company,2
Dr. Ausbüttel (Germany),company,2
Ministerium der Justiz Nordrhein-Westfalen,government,2
Katholischer Akademischer Ausländer-Dienst,nonprofit,2
Kommission für Geschichte und Kultur der Deutschen in Südosteuropa,nonprofit,2
Insta (Germany),company,2
Frankfurter Stiftung für Blinde und Sehbehinderte,nonprofit,2
"Senatsverwaltung für Wirtschaft, Energie und Betriebe",government,2
Staedtler (Germany),funder,2
AED-SICAD (Germany),company,2
Agentscape (Germany),company,2
Kontron (Germany),company,2
Keramikinstitut,facility,2
Steyler Mission,nonprofit,2
Stadtmuseum Penzberg,archive,2
German Heart Research Foundation,facility,2
Deutsche Akademie für Städtebau und Landesplanung,nonprofit,2
Gretsch-Unitas (Germany),company,2
"Ministerium für Wirtschaft, Verkehr, Landwirtschaft und Weinbau",government,2
Inmatec Technologies (Germany),company,2
Lufthansa Technical Training (Germany),company,2
Fraunhofer Group for Microelectronics,facility,2
Zentrum für Therapeutisches Reiten Johannisberg e.V.,healthcare,2
Institut für Prozessoptimierung und Informationstechnologien,facility,2
Heine Optotechnik (Germany),company,2
AnaKat (Germany),company,2
Laves-Arzneimittel (Germany),company,2
German Games Industry Association,other,2
Balfour Beatty (Germany),company,2
Arbeitsgemeinschaft Dermatologische Forschung,funder,2
German Hydrogen and Fuel-Cell Association,nonprofit,2
Euro Institute for Information and Technology Transfer in Environmental Protection (Germany),company,2
Forschungsinstitut Geragogik,other,2
Holbein-Gymnasium Augsburg,education,2
Normag (Germany),company,2
DGB Bildungswerk BUND,nonprofit,2
Hoffnungsbaum,other,2
Smartrac (Germany),company,2
Studiengesellschaft für den Kombinierten Verkehr e.V.,other,2
Glasbau Hahn (Germany),funder,2
Onkovis (Germany),company,2
"Thüringer Ministerium für Bildung, Jugend und Sport",government,2
Monumenta Germaniae Historica,archive,2
InConTec (Germany),company,2
Institut für Modelle Beruflicher und Sozialer Entwicklung (Germany),company,2
Bundesverband der Selbständigen Deutscher Gewerbeverband,other,2
Morgan Advanced Materials (Germany),company,2
Forsa,facility,2
IHS Markit (Germany),company,2
Mikron (Germany),company,2
Cefak (Germany),company,2
Staatsarchiv Bremen,archive,2
OnkoDataMed (Germany),company,2
scidecode science consulting & research,nonprofit,2
CentMa (Germany),company,2
Fricke und Mallah Microwave Technology (Germany),company,2
Erich Und Gertrud Roggenbuck Stiftung,nonprofit,2
National Bernstein Network Computational Neuroscience,government,2
Alloheim (Germany),company,2
ECOVIN Bundesverband Ökologischer Weinbau,other,2
IEF-Werner (Germany),company,2
Albemarle (Germany),company,2
Brandenburg Main State Archive,archive,2
Invisio (Germany),company,2
State Government of North Rhine Westphalia,government,2
Amedrix (Germany),company,2
Walter Knoll (Germany),company,2
Theo und Friedl Schöller-Stiftung,nonprofit,2
Management Institut Bochum (Germany),company,2
Deutsche Handwerksinstitut,facility,2
Hanse Institut Oldenburg Bildung und Gesundheit,education,2
Archiv der Hansestadt Wismar,archive,1
Lapharm (Germany),company,1
Momatec (Germany),company,1
"Institut für Bioanalytik, Umwelt-Toxikologie und Biotechnologie Halle",facility,1
MedSkin Solutions (Germany),company,1
Forschungs­kuratorium Textil,government,1
Marga und Walter Boll - Stiftung,nonprofit,1
Bundesverband Sekundärrohstoffe und Entsorgung,other,1
Mobileeee (Germany),company,1
"Hessian Ministry of Economics, Energy, Transport and Housing",government,1
Storch und Beller,company,1
Saurer (Germany),company,1
Stiftung Mainzer Herz,nonprofit,1
Gesellschaft zur Förderung der Naturwissenschaftlich-Technischen Forschung,nonprofit,1
Ministerium für Verkehr Baden-Württemberg,government,1
Haselmeier (Germany),company,1
Johner Institut (Germany),company,1
Fitbase,other,1
ZS-Handling (Germany),company,1
Academy of Fine Arts Nuremberg,education,1
European Safety Management Group,company,1
Deutscher Berufsverband Rettungsdienst e.V,other,1
ROM Technik (Germany),company,1
Kunst- und Museumsbibliothek der Stadt Köln,archive,1
European rail Research Network of EXcellence,facility,1
Fujifilm (Germany),company,1
Somfy (Germany),company,1
OSI Systems (Germany),company,1
Solo Kleinmotoren (Germany),company,1
Stiftung Rheinland-Pfalz für Innovation,government,1
Prysmian Group (Germany),company,1
Fischer Group (Germany),company,1
CirComp (Germany),company,1
Fernwärme-Verbund Saar (Germany),company,1
Eckert Schools International,education,1
Entwicklungsagentur Region Heide (Germany),company,1
Berliner Institut für Sozialforschung,facility,1
Institut für Prüftechnik Gerätebau (Germany),company,1
Palucca Hochschule für Tanz Dresden,education,1
A.S.T. Group (Germany),company,1
Certmedica (Germany),company,1
Lear (Germany),company,1
Deutsche José Carreras Leukämie-Stiftung,nonprofit,1
Monika Kutzner Stiftung,facility,1
IHI Corporation (Germany),company,1
DAS Environmental Expert (Germany),company,1
Verband Deutscher Mineralbrunnen,other,1
Source BioScience (Germany),company,1
Institut für Brand- und Katastrophenschutz Heyrothsberge,education,1
Institut Dr. Flad,education,1
LogControl (Germany),company,1
Deutscher Energieholz- und Pellet-Verband,nonprofit,1
"Ministerium für Bildung, Wissenschaft, Weiterbildung und Kultur",government,1
Kompetenznetz Leukämien,other,1
Fazit-Stiftung,nonprofit,1
Institut für Entsorgung und Umwelttechnik (Germany),company,1
Humedics (Germany),company,1
BGT Bischoff Glastechnik (Germany),company,1
German Aerospace Industries Association,other,1
Stiegelmeyer (Germany),company,1
Institut für Sozialforschung und Berufliche Weiterbildung,nonprofit,1
Institut für Innovations- und Informationsmanagement,facility,1
PLANCO Consulting (Germany),company,1
Mahindra Forgings (Germany),company,1
Institut für EnergieTransformation,nonprofit,1
"Krankenhaus Lübbecke-Rahden, Universitätsklinik für Psychosomatik und Psychotherapie",healthcare,1
LVR-Institut für Landeskunde und Regionalgeschichte,facility,1
Erothitan (Germany),company,1
Deinove (Germany),company,1
NursIT Institute (Germany),company,1
Hamburgische Wissenschaftliche Stiftung,nonprofit,1
Christina Barz-Stiftung,other,1
LKSoftWare (Germany),company,1
Gewi-Institut für Gesundheitswirtschaft,nonprofit,1
GEWOS (Germany),company,1
INVADE Institut für Versorgungsforschung,nonprofit,1
Elektror Airsystems (Germany),company,1
Sächsische Binnenhäfen Oberelbe (Germany),company,1
German Coastal Engineering Research Council,government,1
EDAP TMS (Germany),company,1
Deutsche AIDS-Stiftung,nonprofit,1
Zahnärzte an der Kleinmachnower Schleuse Stahnsdorf,healthcare,1
Fachhochschule für Verwaltung des Saarlandes,education,1
Bildungsinstitut im Gesundheitswesen,other,1
Institut für Wohnungswesen Immobilienwirtschaft Stadt- und Regionalentwicklung,nonprofit,1
European Science Communication Institute,nonprofit,1
Leibniz Publik,other,1
Institut zur Modernisierung von Wirtschafts- und Beschäftigungsstrukturen,other,1
Windmoeller & Hoelscher (Germany),company,1
Herzog + Partner (Germany),company,1
Phytolutions (Germany),company,1
Museum Folkwang,archive,1
International Dragonfly Fund,nonprofit,1
Federal Foundation for the Study of Communist Dictatorship in East Germany,government,1
Felsenweg-Institut,education,1
Dermapharm (Germany),company,1
Katalyse Institut,facility,1
Cesra (Germany),company,1
Mitsubishi Corporation (Germany),company,1
Brandenburg Institute for Society and Security,nonprofit,1
Qpoint Composite (Germany),company,1
Bundesverband Museumspädagogik,nonprofit,1
Carl Zeiss Foundation,other,1
Aldebaran Marine Research and Broadcast,facility,1
LVR-Industriemuseum,archive,1
Permakultur Institut,education,1
CA DIGITAL (Germany),company,1
Maus (Germany),company,1
GründerRegio M,nonprofit,1
BDH Bundesverband Rehabilitation,nonprofit,1
CIP Chemisches Institut Pforzheim GmbH (Germany),company,1
Ypsomed (Germany),company,1
Helmholtz Alliance Imaging and Curing Environmental Metabolic Diseases,other,1
Genias Software (Germany),company,1
Precisis (Germany),company,1
Deutsche Stiftung Eierstockkrebs,other,1
Stadtarchiv Grevesmühlen,archive,1
Deutscher Berufsverband der Hals-Nasen-Ohrenärzte e. V,other,1
Allgemeiner Deutscher Fahrrad-Club,other,1
Meiko (Germany),company,1
axios Pharma (Germany),company,1
Advance Concepts for Interactive Technology (Germany),company,1
Museumsdorf Cloppenburg,archive,1
German Museum of Pharmacy,archive,1
Rut- und Klaus-Bahlsen-Stiftung,nonprofit,1
AGFW,other,1
Grassroots Arts and Research (Germany),company,1
Institute for Building Systems Engineering Dresden Research and Application,facility,1
Dr Matzat & Co (Germany),company,1
Ruhr-Forschungsinstitut für Innovations- und Strukturpolitik,nonprofit,1
Gauss Centre for Supercomputing,funder,1
Institute for Productive Learning in Europe,other,1
Bochum Observatory,facility,1
Gleason (Germany),company,1
Prosys (Germany),company,1
HERION Systemtechnik (Germany),company,1
Seratec (Germany),company,1
ZukunftsAgentur Brandenburg,other,1
Alpha Therm (Germany),company,1
Ärztliche Akademie für Psychotherapie von Kindern und Jugendlichen,nonprofit,1
Institute for Inclusive Education,nonprofit,1
Bamberg State Library,archive,1
Netzwerk der Rehabilitationsforschung in Nordrhein-Westfalen,facility,1
WH Pharmawerk (Germany),company,1
Ebert Ingenieure (Germany),company,1
Stiftung Irene,nonprofit,1
Forestadent (Germany),company,1
Batteryuniversity,facility,1
Institute for Applied Manual Therapy,other,1
Heimer Stiftung,other,1
Tp21 (Germany),company,1
JENAer Meßtechnik (Germany),company,1
Kage Mikrofotografie (Germany),company,1
B. Braun Stiftung,nonprofit,1
DIAL (Germany),company,1
Deutsche Nierenstiftung,nonprofit,1
S-Biomedic (Germany),company,1
AFT Automation (Germany),company,1
SteriPharm (Germany),company,1
Bundesverband der deutschen Fischindustrie und des Fischgroßhandels,other,1
Arkema (Germany),company,1
ISAAC Gesellschaft für Unterstützte Kommunikation,other,1
Association of German Public Banks,other,1
Institute for Education and Culture,nonprofit,1
APCON (Germany),company,1
Bundesverband Garten- Landschafts- und Sportplatzbau,other,1
Medienboard Berlin-Brandenburg,other,1
Professor Hellriegel Institut,facility,1
German Ceramic Society,other,1
Märkisches Institut für Technologie- und Innovationsförderung,nonprofit,1
Produtec (Germany),company,1
Institut für Ganzheitliche Medizin und Wissenschaft,facility,1
Loewenstein Medical Technology (Germany),company,1
Ministerium für Finanzen und Europa,government,1
European Migration Centre,facility,1
FWU Institut für Film und Bild in Wissenschaft und Unterricht,nonprofit,1
Research Centre for Eastern and South Eastern Europe,facility,1
Fraunhofer ICT Group,nonprofit,1
Internationales Institut für Wald und Holz,nonprofit,1
Institut für Musikinstrumentenbau,facility,1
Institut Mathildenhöhe Darmstadt,archive,1
Gerolsteiner Brunnen (Germany),company,1
TecPart,other,1
"Thüringer Ministerium für Umwelt, Energie und Naturschutz",government,1
SAACKE (Germany),company,1
ZeoSys Medical (Germany),company,1
Ministerium für Ländlichen Raum und Verbraucherschutz Baden-Württemberg,government,1
Domologic (Germany),company,1
Berlitz (Germany),company,1
Flow International Corporation (Germany),company,1
GALENpharma (Germany),company,1
RCI Banque Niederlassung Deutschland,other,1
Global Nature Fund,nonprofit,1
Dansk Centralbibliotek for Sydslesvig,archive,1
Regionalverkehr Köln (Germany),company,1
Institut für Produktqualität,facility,1
Union of the German Academies of Sciences and Humanities,other,1
Institut für Rohrleitungsbau an der Fachhochschule Oldenburg,facility,1
Lebensmittelinstitut KIN,education,1
Ingenieurbüro Kleehammer Gruppe (Germany),company,1
M2C Institut für Angewandte Medienforschung,facility,1
Nuvo Pharmaceuticals (Germany),company,1
Osteopathie Plus,healthcare,1
Sonnenfeld Foundation,nonprofit,1
Institut der Feuerwehr Nordrhein-Westfalen,education,1
Species Conservation Foundation,other,1
Institut für Internationale Kommunikation,nonprofit,1
Stiftung Tumorforschung Kopf-Hals,nonprofit,1
HDG Bavaria (Germany),company,1
Heidehof Stiftung,nonprofit,1
